watch: taoiseach 9.35pm evening ,@fiannafailparty,-1,conservative
tune in: 4.40pm today ,@fiannafailparty,-1,conservative
tune in: mep 4.40pm today ,@fiannafailparty,-1,conservative
vaccine ,@fiannafailparty,-1,conservative
"local newspapers play key role local democracy history. argues papers let die, communities across country would lose vital resource. ",@fiannafailparty,-1,conservative
"signed authorisation use astrazeneca vaccine vaccinators, effective immediately. the… ",@fiannafailparty,-1,conservative
pandemic business supports fianna fáil government prioritising supporting businesses covid-19. lists guide supports businesses avail now. ,@fiannafailparty,-1,conservative
"td’s senators taking #100daysofwalking challenge. it’s important look physical mental health moment, get enjoy daily walk within ",@fiannafailparty,-1,conservative
"#otd 1868, one ireland’s greatest patriots, constance markievicz, born. hero easter rising, 1st woma… ",@fiannafailparty,-1,conservative
watch: minister 1.1m doses vaccines expected end march ,@fiannafailparty,-1,conservative
tune in: join 5pm ,@fiannafailparty,-1,conservative
fianna fáil government focusing supporting people much possible covid-19 pandemic. housing key area priority &amp; many housing supports place. &amp; explain exactly supports are. ,@fiannafailparty,-1,conservative
listen: taoiseach join evening 5.30. ,@fiannafailparty,-1,conservative
vaccine ,@fiannafailparty,-1,conservative
cost ivf treatment puts reach many couples struggling infertility. senator believes providing free treatment public hospitals achievable goal. ,@fiannafailparty,-1,conservative
tune in: 11am ,@fiannafailparty,-1,conservative
tune in: minister 10am morning ,@fiannafailparty,-1,conservative
tune in: bbc radio ulster 8am tomorrow morning ,@fiannafailparty,-1,conservative
watch: tomorrow morning 9.20am ,@fiannafailparty,-1,conservative
"infertility impacts 1/6 population couples ireland opting ivf treatments. fianna fáil prioritising fertility supports government. need make sure treatment fair, equitable accessible – regardless income. ",@fiannafailparty,-1,conservative
“i don’t know he’s got allowing families modest incomes home’ tells affordable housing plan designed allow paying exorbitant rents opportunity home. ,@fiannafailparty,-1,conservative
watch: minister 10pm ,@fiannafailparty,-1,conservative
beidh mé ar anocht ag hocht chlog ag caint ar leasaithe ar mbille teanga agus próiseas atá idir lámha… ,@fiannafailparty,-1,conservative
listen: join evening 5.30 discuss affordable housing plan. ,@fiannafailparty,-1,conservative
opinion: opposition opposition sake affordable housing plan short-changes young people families writes ,@fiannafailparty,-1,conservative
tune in: 5.30pm evening ,@fiannafailparty,-1,conservative
"government announced new €55million tourism business continuity scheme, support businesses tourism eligible covid restrictions support scheme (crss) payment previous fáilte ireland continuity grant schemes. ",@fiannafailparty,-1,conservative
column weeks edition role played brexit process and… ,@fiannafailparty,-1,conservative
absolutely brilliant effort gardai. took #jersusalemachallenge style. way lift sp… ,@fiannafailparty,-1,conservative
"""there's hope story"" #tonightvmtv says ireland's record efficiently administering doses arrive means path this. ",@fiannafailparty,-1,conservative
tune in: senator 12pm today sharing ivf story calling roll-out ivf public health system ,@fiannafailparty,-1,conservative
"""by end march we'll 1.1 million doses."" minister health speaking interview full here: ",@fiannafailparty,-1,conservative
listen: minister health listen back ,@fiannafailparty,-1,conservative
senator tells emotional struggle ivf treatment ‘hit jackpot’ twins ,@fiannafailparty,-1,conservative
"lived highs lows ivf cycles...the worry, waiting, failures, pain' senator shared personal ivf story seanad today. senator also called roll-out ivf public health system. ",@fiannafailparty,-1,conservative
watch: 10pm evening ,@fiannafailparty,-1,conservative
watch: 7.30pm ,@fiannafailparty,-1,conservative
government approved draft legislation allow regulation escooters ebikes forthcoming road traffic (miscellaneous provisions) bill. decision allow introduction appropriate regulations types vehicles. ,@fiannafailparty,-1,conservative
minister education announces special schools start reopening february 11th - full details: ,@fiannafailparty,-1,conservative
ministers welcome agreed plan return in-school learning children spe… ,@fiannafailparty,-1,conservative
listen: 5.05pm. ,@fiannafailparty,-1,conservative
"ireland one best vaccine rollout records europe. country pre-purchased 14m doses, going forward continue vaccinate line supply arrives. ",@fiannafailparty,-1,conservative
taoiseach acknowledges many irish people working nhs says overall across europe need roll vaccine effectively efficiently can. #marr ,@fiannafailparty,-1,conservative
minister state disabilities announces first tranche €20m strengthening disability services fund. grants help: disability services. capacity disability organisations. quality life service users. ,@fiannafailparty,-1,conservative
"department higher education, research, innovation science announced €193 million investment five world- leading science foundation ireland research centres. ",@fiannafailparty,-1,conservative
vaccine ,@fiannafailparty,-1,conservative
"lá fhéile bríde marks first day spring &amp; arrival longer, warmer &amp; brighter days. also become occasion celebrates creativity, talent &amp; genius irish women home afar. #stbrigidsday, tag creative irish woman inspires you. ",@fiannafailparty,-1,conservative
tune in: radio na gaeltacht 8am morning ,@fiannafailparty,-1,conservative
delighted announce first tranche funding €20m strengthening disability services fund today. sought… ,@fiannafailparty,-1,conservative
"tomorrow st. brigid’s day, day traditionally associated spring renewal. year, ever, re… ",@fiannafailparty,-1,conservative
tune in: taoiseach today 1pm ,@fiannafailparty,-1,conservative
future want children shared island? new shared island unit ,@fiannafailparty,-1,conservative
watch: minister agriculture today 12pm ,@fiannafailparty,-1,conservative
much look forward publishing report debating bill addressing period poverty second stage on… ,@fiannafailparty,-1,conservative
i’ll speaking 10.20am ,@fiannafailparty,-1,conservative
"i’ll live britain’s lcb radio 7am tomorrow morning chatting brexit, northern ire… ",@fiannafailparty,-1,conservative
watch: taoiseach tomorrow morning 9.20 ,@fiannafailparty,-1,conservative
welcome decision european commission tonight invoke safeguard clause ireland / northern irela… ,@fiannafailparty,-1,conservative
"""i expect everybody lead front - problem deputy unfortunately fence lot this."" taoiseach leaders' questions week. ",@fiannafailparty,-1,conservative
"keep right thing. stay home, wear mask, keep distance - save lives. #staysafe #holdfirm htt… ",@fiannafailparty,-1,conservative
tune in: join 5.05 evening. ,@fiannafailparty,-1,conservative
listen: minster health evening 4.45 ,@fiannafailparty,-1,conservative
vaccine ,@fiannafailparty,-1,conservative
fianna fáil government delivering housing. delivering ireland's first cost rental scheme. cost rental? #housingforall ,@fiannafailparty,-1,conservative
listen: join morning 10.20. ,@fiannafailparty,-1,conservative
"actually dail chamber housing debate, relating… ",@fiannafailparty,-1,conservative
it’s official: ireland approved three #covid19 vaccines. pfizer moderna astrazeneca thank incredible frontline workers administering vaccines. ,@finegael,-1,conservative
"""we going try get numbers low possible lower get sustainable reopening be.” —tánaiste speaking ",@finegael,-1,conservative
ireland made great progress suppressing third wave #covid19. it’s important ever stick guidelines drive numbers further. ,@finegael,-1,conservative
"sinn féin’s two-faced hypocrisy well-documented. latest stunt dáil pays lip service protecting people families. reality, actions fall short. ",@finegael,-1,conservative
think it’s fair say stepped challenge. thank members garda siochana… ,@finegael,-1,conservative
"years ago today, north longford flying column, led sean maceoin ambushed members auxiliaries clonfin, outside village ballinalee. events clonfin, aftermath would significant impact trajectory war independence. ",@finegael,-1,conservative
€55 million funding announced support businesses tourism sector survive thrive throughout #covid19. learn more: ,@finegael,-1,conservative
"specials schools reopen 11th february, classes mainstream schools pupils special needs reopen monday, 22nd february. ",@finegael,-1,conservative
"good news: million extra doses pfizer/biontech vaccine way eu coming months. ireland receive approximately 825,000 extra doses vaccine. #covid19 ",@finegael,-1,conservative
"almost 200,000 #covid19 vaccines administered ireland. thank amazing frontline workers helping make happen. ",@finegael,-1,conservative
announced €193 million funding five research centres. find more: ,@finegael,-1,conservative
calling #stbrigidsday february 1st considered new public holiday ireland bridge gap existing holidays mark first day spring. ,@finegael,-1,conservative
"eu com statement tonight confirming ni protocol art 16, safeguard clause, triggered. welcome news, lesso… ",@finegael,-1,conservative
working eu commission try resolve issue protect integrity operation ni prot… ,@finegael,-1,conservative
: #astrazeneca vaccine approved age groups european medicines agency. #covid19 ,@finegael,-1,conservative
"indications northern editor tommie gorman may winding down. words like ‘scrupulous’ ‘unflappable’, ‘… ",@finegael,-1,conservative
"crucial keep kids active #level5. today, shows us five different fun ways he’s keeping kids active entertained within 5km. ",@finegael,-1,conservative
use taxpayer money fund ailing blacksmith vcr-repair industries we're it? reform defamation laws sure taxpayer's money used put sclerotic business models life-support. ,@renuaireland,-2,conservative
"well said, also pointed policing methods, arriving incident, also fatal flaw uk. need visible foot patrol areas. ",@renuaireland,-2,conservative
"fg/ff/g left wing parties country truly cared women, odious character would first flight here. ",@renuaireland,-2,conservative
séamus ennis would proud hear version. ,@renuaireland,-2,conservative
true. ,@renuaireland,-2,conservative
current leadership fianna fáil would call aims nativist “far-right” extremism ,@renuaireland,-2,conservative
poor aul john must hit sherry early today. far right bingo night it? facist racist far right please untag us. ,@renuaireland,-2,conservative
"""this you, dad"": redditor shares heartbreaking reason destroying short-sellers wsb raids ",@renuaireland,-2,conservative
"checkpoints dublin airport, stabbings daylight robbery capital gardaí really need get act together. prancing around tik tok videos new strategy help make streets safe? done duty? ",@renuaireland,-2,conservative
"thank you, always, labour party solid support issue cervical screen… ",@labour,1,liberal
missed today catch full interview ,@labour,1,liberal
party leader 5pm talking lynsey bennett’s case high court need better women centre #cervicalcheck scandal. ,@labour,1,liberal
"need effective way measure ireland’s success gdp. quality life indicators would better measure social economic issues, overall wellbeing citizens. read statement bill address ",@labour,1,liberal
,@labour,1,liberal
ahead virtual day protest tomorrow raised issue pay conditions with… ,@labour,1,liberal
'pandemic must delay legislation end class discrimination' great see growing support across boa… ,@labour,1,liberal
another woman failed state. nearly #cervicalcheck cases expected courts. state claims agency waiting women die it’ll cheaper state law wasn’t changed? asking women treated better way. ,@labour,1,liberal
"cabinet sign deal buy extra 875,000 doses moderna vaccine tues, date covid facing healthcare workers vaccinated asks tánaiste replied done end march new deal signed ",@labour,1,liberal
"it’s time award terminally ill medical cards , campaign important many , day #worldca… ",@labour,1,liberal
it’s great go gp get smear test many aren’t able carry procedure mome… ,@labour,1,liberal
labour dáil asks hse update website list docs providing #cervicalcheck says ,@labour,1,liberal
kelly says clinics smear tests level restrictions. asks lists clinics are… ,@labour,1,liberal
raises case lynsey bennet asks dragged courts...when tanaiste promised woman wouldnt have… ,@labour,1,liberal
many women want smear tests seeing lynsey’s statement getting treatment america cannot get appointments. hse publish list online clinics currently providing exams ease anxiety. ,@labour,1,liberal
"state claims agency literally waiting women die? women like lynsey taking cases don’t know long left so, so, wrong spending time needlessly battling state. ",@labour,1,liberal
sick women dragged courts? years since taoiseach leo varadkar said women shouldn’t going courts. ,@labour,1,liberal
heart dropped yesterday watching lynsey bennett outside hugh court. another woman failed state. ,@labour,1,liberal
#worldcancerday lynsey bennett cancer journey thoughts. asking govt answer pleas terminally ill medical cards . would make huge difference lives battling cancer. ,@labour,1,liberal
"unacceptable that, 2021, people across country discriminated accent address. senator called government prioritise legislation end class discrimination now. ",@labour,1,liberal
tune senator air discussing major problems around illegal dumping proposal new bill allow use cctv address data protection concerns. ,@labour,1,liberal
"loved one passes away, family next kin suddenly find engage range public ser… ",@labour,1,liberal
really enjoyed tonight’s facebook live #leavingcert2021 alicia senator senator ,@labour,1,liberal
"finished really interesting informative facebook live chat #leavingcert2021 , ",@labour,1,liberal
welcome ,@labour,1,liberal
"fantastic evening chatting vp education alicia, party #le… ",@labour,1,liberal
"great get councillors together discuss issues party leader councillors much work housing, transport, keeping communities safe much more. ",@labour,1,liberal
one hour go!! miss facebook live tonight discuss #leavingcert2021 watch 7pm fb page ,@labour,1,liberal
miss facebook live tonight discuss #leavingcert2021 watch 7pm fb page ,@labour,1,liberal
"people hit persistent fatigue, effects unrelated sever… ",@labour,1,liberal
senator 5:10pm tune ,@labour,1,liberal
"time government make decision lc, jc lca 2021. students can’t wait longer: ",@labour,1,liberal
"party leader asked taoiseach legislation mandatory hotel quarantine brought dáil next week? cannot wait, without legislations continue lose lives. “quarantine home waste time.” ",@labour,1,liberal
"labour party engaged parents, students teachers throughout country find solution #le… ",@labour,1,liberal
kelly accuses government incompetence hotel quarantining - tipp fm ,@labour,1,liberal
"""this crisis catalyst long lasting change"" called minister invest giving people hope future, need reach targets social housing, get people back work create new social contact people ireland ",@labour,1,liberal
"government loads time organise this, time lip service, time action! listen full interview ",@labour,1,liberal
#seanad monday raised alarming results survey early childhood education care p… ,@labour,1,liberal
"“quarantine home waste time.” —@alankellylabour tells taoiseach travel #mhq told may work underway this, happened? action taken? legislation mandatory hotel quarantine brought dáil next week? ",@labour,1,liberal
take survey! ,@labour,1,liberal
"20,000 people responded leaving cert survey, wanted say thank you. heard said continue bring views government two years #leavingcert confusion good enough, need clear communication now! ",@labour,1,liberal
deputy called minister look impacts long covid could families ensure aren’t plunged fuel poverty ,@labour,1,liberal
"figures show january december 11,922 people received fuel/heat supplement.. incredibly small number speaks volumes level fuel poverty state- ",@labour,1,liberal
define quarantine? might asking listening minister donnelly last night min. cov… ,@labour,1,liberal
proud part campaign. let’s pass bleedin’ bill. ,@labour,1,liberal
"quick, today last day say !! survey closes tomorrow! make sure go fill ",@labour,1,liberal
government ministers place new travel rules per &amp; mixing home with… ,@labour,1,liberal
"leader said ""crazy potentially calamitous "" govt say take w… ",@labour,1,liberal
opinion piece ⁦@independent_ie⁩ today national aggressive suppression strategy covid e… ,@labour,1,liberal
"numbers reduce, aggressive suppression strategy keep low. requires shift approach go… ",@labour,1,liberal
country political system must unite around national aggressive suppression strategy #wecanbezero brighter check piece today’s ,@labour,1,liberal
party leader shortly. tune ,@labour,1,liberal
#periodjustice #bleedindignity ,@labour,1,liberal
"conversation spokesperson education, yesterday evening #leavingcert2021, #men… ",@labour,1,liberal
serve long overdue wake call government. survival package needed ,@labour,1,liberal
"yesterday #seanad, called irish government introduce #magnitskyact paid tribute work ",@labour,1,liberal
"“only rigorous testing arrival, mandatory hotel quarantine reduce threat. need aggressively discourage unnecessary journeys state,” read full piece ",@labour,1,liberal
government needs step address climate crisis. minister must divorce entirely oil gas industry puts profit people. read statement climate bill here. ,@labour,1,liberal
uk variant mutations show need aggressive suppression covid-19 | alan kelly td | labour party ,@labour,1,liberal
senator said government’s bill go far enough ensuring universal access free period products. #periodjustice #bleedindignity ,@labour,1,liberal
“it’s time end agony sixth year students “ - it’s time minister make decision #leavingcert2021 ,@labour,1,liberal
€24.52 back tax relief €576 tax free payment? days working home different employers.… ,@labour,1,liberal
saga #leavingcert2020 reaches conclusion today. best wishes receiving results. we’re still wait… ,@labour,1,liberal
dumping cctv effective tool combating illegal dumping local authorities hampered using… ,@labour,1,liberal
discuss issue level refunds/rebates insurance companies. less traffic t… ,@labour,1,liberal
universal free access consultation period products users respecting dignity period products users ,@labour,1,liberal
forget fill survey help us introduce legislation #endperiodpoverty go #bleedindignity #bleedinjustice ,@labour,1,liberal
"glad attend online #wecanbezero campaign launch afternoon. #seanad today, asked government t… ",@labour,1,liberal
miss facebook live wednesday discuss leaving cert joined ,@labour,1,liberal
"fewer people roads, finance spokesperson called insurers consider offering rebate customers. working families continue experience financial hardship, little gesture goodwill goes long way. ",@labour,1,liberal
"glad tune #wecanbezero campaign launch afternoon. #seanad today, asked government ex… ",@labour,1,liberal
"strides made toward enshrining democratic norms myanmar, unjustified action represents threat all."" ",@labour,1,liberal
"party leader attending today's #wecanbezero event today ireland suppress #covid19 ""we need long-term sustainable plan... people cannot like 2020"" ",@labour,1,liberal
happy st brigid’s day everybody. ,@labour,1,liberal
"€2 billion: lot money, right? compare money spent heating energy-inefficient homes every year, or… ",@labour,1,liberal
"€2 billion 8,000 homes good investment would say. think health well-being benefits come warm… ",@labour,1,liberal
happy brigid’s day day spring. lovely start amazing conversation ,@labour,1,liberal
"periods reason many miss school, go hungry afford period products need period justice all!! fill survey ",@labour,1,liberal
thousands non-national workers play crucial role battle covid-19 irish hospitals nursing homes. senator ⁦⁦@ivanabacik⁩ calling government #fasttrackcitizenship heroes frontline. ,@labour,1,liberal
"today 74th anniversary death celebrate life jim larkin. century ago, “big” jim organised worker… ",@labour,1,liberal
dont forget fill #periodjustice survey say! want bleedin dignity! ,@labour,1,liberal
"catch happened dáil week! ""how minister know many vaccines came country last week? scary, scary' - ",@labour,1,liberal
welcome belated development ban non-residents travelling state finally introduced. that's one part statement need national aggressive suppression strategy ,@labour,1,liberal
"simple message enough talk, enough debate. listen… ",@labour,1,liberal
"pets play huge role lives provide companionship emotional support, enhancing overall wellbeing people renting ever before, calling end blanket ban pets rented accommodation ",@labour,1,liberal
welcome speedy change mind within eu commission invoking art.16. would disastrous. time co… ,@labour,1,liberal
part #bleedinjustice #bleedingdignity wanted use inclusive approach inclusive language. know th… ,@labour,1,liberal
delighted evening’s panel #womenlead21 - see many good friends especially - ou… ,@labour,1,liberal
look forward speaking later evening #womenlead21 ,@labour,1,liberal
.@labour transport spokesperson wrote coonagh-knockalisheen road. govt td’… ,@labour,1,liberal
spoke earlier week #motherandbabyhomes report. trauma inflicted generations women children… ,@labour,1,liberal
miss facebook live wednesday discuss leaving cert joined ,@labour,1,liberal
sure do!! bill based legislation ,@labour,1,liberal
hundreds people miss school everyday due period poverty period shame bill ensure everyone access free period products! go say (ps. follow us tik tok) ,@labour,1,liberal
"many businesses operating arts events sectors obviously fixed premise, unnecessarily disadvantaged government exclusion crss. read senator statement issue ",@labour,1,liberal
understand schools yet received official notification department education ar… ,@labour,1,liberal
"we've gone live facebook micro-generation event, presentations thinking policy behind scheme, putting questions panelists. join us now! ",@greenparty_ie,1,liberal
happy support this! female councillors entitled maternity leave. lack maternity leave acts a… ,@greenparty_ie,1,liberal
i've objected daa's proposals loosen restrictions night-time flying. daa's proposals would mean that… ,@greenparty_ie,1,liberal
"thanks commissioner! real wide-ranging discussion energy poverty, hydrogen, energy infrastructure race z… ",@greenparty_ie,1,liberal
"context fast tracking delivery housing, shd scheme failed. intended commencement rate 80% is… ",@greenparty_ie,1,liberal
"early learning childcare sector shown real leadership throughout pandemic, reopening servi… ",@greenparty_ie,1,liberal
#worldcancerday2021 let's use #eugreendeal funding transport energy clean air ht… ,@greenparty_ie,1,liberal
great work pal &amp; chair dcc womens committee driving this. fought hard b allowed bring &amp;… ,@greenparty_ie,1,liberal
"evening: join green party td energy expert learn #haveyoursay micro-generation support scheme currently developed minister 7pm, facebook live. ",@greenparty_ie,1,liberal
taxi-drivers difficult time pandemic. government provided ongoing support realise making… ,@greenparty_ie,1,liberal
great see young people's work making national news! make sure check climate jargon buster ,@greenparty_ie,1,liberal
excellent piece today's palestinian ambassador ireland. ,@greenparty_ie,1,liberal
new jobs shannon. great news #shannon region. aerogen world-leading medtech company opening ne… ,@greenparty_ie,1,liberal
"join us facebook live, tonight 7pm, session #microgeneration support scheme make submission, details ",@greenparty_ie,1,liberal
"""it's scheme get people generating power home. part revolution need make, switch away fossil fuels, bring power back people."" minister speaking #microgeneration support scheme ",@greenparty_ie,1,liberal
"""with maternity leave remote proxy voting, new mothers compromised trying balance councillor motherhood,"" says women's committee chaired works secure maternity leave councillors. ",@greenparty_ie,1,liberal
"cleaner air! €20,000 grant taxi drivers go electric scrap older, high mileage vehicles full electri… ",@greenparty_ie,1,liberal
well done truly want equal representation need lift barriers blocking us it. another baby… ,@greenparty_ie,1,liberal
group signalled government since 2010. mandatory quotas helped get women dail b… ,@greenparty_ie,1,liberal
dcc women's committee demanding maternity leave councillors! i've seen fellow councillors comforting babie… ,@greenparty_ie,1,liberal
"ring road would devastating sustainable planning, pushing homes away public transport. spo… ",@greenparty_ie,1,liberal
"“an efficient low emitting public transport system key priority department. replacing older vehicles play important role effecting substantial reduction co2 emissions,” said, welcoming expansion espsv ",@greenparty_ie,1,liberal
"minister announced expansion scrappage scheme taxis small public service vehicles €15m 2021, allowing grants €20,000 drivers scrap older, high mileage vehicles full electric models. ",@greenparty_ie,1,liberal
"ring roads access roads two different things. access roads may justified, ring roads, especi… ",@greenparty_ie,1,liberal
there's clear links air pollution lung cancer. #worldcancerday2021 call #eugreendeal clean up… ,@greenparty_ie,1,liberal
"“we vote brexit particularly want all. we’ve got make brexit work best ability.” minister says “making best” brexit won’t easy adds “we also need think longer term"" cooperation ",@greenparty_ie,1,liberal
€100m brexit scheme support #agrifood sector launched today. scheme designed t… ,@greenparty_ie,1,liberal
climate action jargon buster - check #climateaction ,@greenparty_ie,1,liberal
month's award recognise outstanding hospital medical worker. nice one can… ,@greenparty_ie,1,liberal
lack #maternityleave us returning weeks birth constituents voiceless &amp; unrepresented ,@greenparty_ie,1,liberal
massive kudos young people work developing jargon buster making clima… ,@greenparty_ie,1,liberal
thanks geraldine walsh graham hickey really productive meeting today. importan… ,@greenparty_ie,1,liberal
"“the scheme designed ensure environmental impacts, primary well processing level, fully taken account assessing applications.” opening applications government’s €100m scheme agri-food sector. ",@greenparty_ie,1,liberal
make sure mark 3-14 march diary #vmdiff21 lots great irish films feature + a… ,@greenparty_ie,1,liberal
"quizzed article meeting earlier. told incident avoidable, happe… ",@greenparty_ie,1,liberal
minister eamon ryan gets cabinet approval ban new oil &amp; gas exploration &amp; extraction. “by keeping fossil fuels the… ,@greenparty_ie,1,liberal
"join us thursday 7pm discussion policy thinking behind micro-generation support scheme, info make submission public consultation. #haveyoursay details ",@greenparty_ie,1,liberal
"following research carried out, written cru asking address serious discrepancies premiums bet… ",@greenparty_ie,1,liberal
"collaborative, ecosocial arts practices school children south #carlow drummin bog point way forward in… ",@greenparty_ie,1,liberal
huge congratulations #goldenglobes2021 irish nominees! making us proud represent irela… ,@greenparty_ie,1,liberal
"welcoming #npwsreview chair deputy chair dr micheál ó cinnéide, said ensuring npws “properly resourced, staffed equipped lead ireland’s response biodiversity emergency one key priorities”. ",@greenparty_ie,1,liberal
"strategic review national parks wildlife service begun, delivering key programme government commitment. #budget2021 saw secure 80% funding increase make npws leader protection, conservation restoration biodiversity ",@greenparty_ie,1,liberal
"thank deputy, look forward working partners across government progress shared goals fo… ",@greenparty_ie,1,liberal
"ensuring properly resourced, staffed equipped lead ireland’s response biodiversi… ",@greenparty_ie,1,liberal
"delighted launch campaign today, highlights supports services available children families… ",@greenparty_ie,1,liberal
"independent radio producers, please consider applying funding create programming order strengthen public… ",@greenparty_ie,1,liberal
"roderic o'gorman, cllr conroy spent last days writing detailed objection daa's proposal to… ",@greenparty_ie,1,liberal
wanted record message say 'hang stay safe' everyone update promised we're her… ,@greenparty_ie,1,liberal
thrilled announce re-opening organic farming scheme march 1st. one key priorities mi… ,@greenparty_ie,1,liberal
"""our peatlands precious habitats have, need restore, protect &amp; enhance."" #worldwetlandsday minister introduces €10m #peatlandsandpeople project, supported eu life fund led ",@greenparty_ie,1,liberal
minister encouraging farmers think signing organic farming scheme (#ofs) when… ,@greenparty_ie,1,liberal
summer protested oil exploration #kerry coast. today good day. ,@greenparty_ie,1,liberal
proud led climate negotiations programme govt talks last june. one t… ,@greenparty_ie,1,liberal
"great hear this, let's focus demand management, energy efficiency, electrification, storage interconnectors… ",@greenparty_ie,1,liberal
referendum right housing vital context ireland's current housing crisis. green party policy was… ,@greenparty_ie,1,liberal
yes! €10 million eu funding help 'just transition' sustainable uses amazing bogs. fun… ,@greenparty_ie,1,liberal
"'connecting peatlands, policies people benefit all.' minister explains must protect fragile eco-systems wetlands, new €10m #peatlandsandpeople project launched today, #worldwetlandsday. ",@greenparty_ie,1,liberal
highly welcome move #dcc refuse planning permission another hotel city center. time house p… ,@greenparty_ie,1,liberal
bill approved cabinet. legislation like greens gover… ,@greenparty_ie,1,liberal
minister secured cabinet approval today introduce ban new oil natural gas exploration. immed… ,@greenparty_ie,1,liberal
ireland moving away fossil fuels towards renewable future. today’s decision ensure legislative effect give… ,@greenparty_ie,1,liberal
"back living london, got email eamon asking quick design big banner ""keep th… ",@greenparty_ie,1,liberal
today #worldwetlandsday 50th anniversary ramsar convention wetlands. preserving habitats i… ,@greenparty_ie,1,liberal
"""this ban important step fight climate action signal ireland moving towards future green sustainable"", said ban new oil natural gas exploration. read ",@greenparty_ie,1,liberal
delighted recommendation climate action committee include ban oil gas extraction the… ,@greenparty_ie,1,liberal
"today's decision delivers programme government commitment end issuing new gas exploration licences, ""sends powerful message within ireland internationally ireland moving away fossil fuels towards renewable future,"" says minister ryan. ",@greenparty_ie,1,liberal
"minister secured cabinet approval today introduce ban new oil natural gas exploration. immediate effect department longer accepts new applications exploration licences natural gas oil. today, ireland #keepitintheground. ",@greenparty_ie,1,liberal
"good news #worldwetlandsday2021! we're co-funding major peatlands project, led build… ",@greenparty_ie,1,liberal
government’s commitments animal welfare strongest ever. delighted welcome animal welfare st… ,@greenparty_ie,1,liberal
gift #worldwetlandsday €10m funding going peatlands... ,@greenparty_ie,1,liberal
"lá 'le #bríde celebrating powerful transformative woman, spoke seanad #activetravel, trans… ",@greenparty_ie,1,liberal
#worldwetlandsday calling ambitious eu #biodiversity strategy #restorewetlands ,@greenparty_ie,1,liberal
"culture, women politics, leadership, entrepreneurship connection... fitting way celebrate #lafeilebhride and… ",@greenparty_ie,1,liberal
i’m delighted welcome wonderful €10m ‘peatlands people’ project midlands colleagues ,@greenparty_ie,1,liberal
really looking forward attending webinar #worldwetlandsday2021. explore of… ,@greenparty_ie,1,liberal
"""the restoration rehabilitation ireland’s peatlands critically important aspect response climate biodiversity emergency,"" says minister welcoming €10m eu funding #worldwetlandsday read ",@greenparty_ie,1,liberal
i’m working introduce universal basic income pilot artists -as recommended arts recovery taskforce. … ,@greenparty_ie,1,liberal
"minister welcomed launch ireland’s first over-arching animal welfare strategy, recognises strong interconnections interdependences human, animal environmental health read ",@greenparty_ie,1,liberal
"time #láfhéilebríde/#brigidsday made public holiday, fully represent celebrate ireland’s oldest patron traditions surrounding start spring. read ",@greenparty_ie,1,liberal
tomorrow world wetlands day waterford city &amp; county council celebrating style beautiful video pres… ,@greenparty_ie,1,liberal
welcome government’s decision approve drafting provisions r… ,@greenparty_ie,1,liberal
"new provisions, e-bikes, currently classed 'mechanically propelled vehicles' (mpvs), legislated using eu standards - another important step accelerate transition low-carbon transport options better planet. ",@greenparty_ie,1,liberal
"proposal, new vehicle category 'powered personal transporters' (ppt) created. covid-crisis shown people ready embrace new ways getting around, green party committed helping people walk, wheel, cycle scoot safely. ",@greenparty_ie,1,liberal
"green party long called regulation e-scooters support encourage people #maketheswitch low-carbon transport. today minister proposing key changes road traffic bill, including legislating use e-scooters &amp; ",@greenparty_ie,1,liberal
"speaking current challenges facing industry, minister said: ""tourism faced overcome many challenges past ash cloud, financial collapse 2008, foot mouth sars. time, again."" #tourismtogether ",@greenparty_ie,1,liberal
"business continuity scheme contribute fixed costs businesses like tourist attractions, activity providers, camping sites others don’t qualify covid restriction support scheme, administered ",@greenparty_ie,1,liberal
"addressing event morning, minister announced details €55million tourism business continuity scheme allocated part #budget2021 provide lifeline strategic tourism businesses eligible supports. ",@greenparty_ie,1,liberal
minister message support #tourism industry keynote address sur… ,@greenparty_ie,1,liberal
"tourism sector devastated. understand hard families &amp; businesses. morning,… ",@greenparty_ie,1,liberal
today made submission opposing attempt daa allow flying night. airports around globe operate successfu… ,@greenparty_ie,1,liberal
kissing gates disaster for: children (see below) parents (also see below) people disabilities everyb… ,@greenparty_ie,1,liberal
"2020, dept launched €5m pilot scheme live entertainment producers stage performances. members ",@greenparty_ie,1,liberal
"minister welcomes action plans 2021, ""i confident plans posit… ",@greenparty_ie,1,liberal
new jobs limerick back funding announced minister eamon ryan. ,@greenparty_ie,1,liberal
"""cork co council expect approx. new staff area, doubling staff capacity. detail come, posi… ",@greenparty_ie,1,liberal
"opinion, #waterford's food offering second none - hope we'll see applications across county thi… ",@greenparty_ie,1,liberal
"really delighted launched public consultation new agri-environment results based pilot project,… ",@greenparty_ie,1,liberal
we'd like extend special thank school social sciences students joined us week pilot paid internship programme developed doris aja. programme provides access structured support students interested working politics. ,@greenparty_ie,1,liberal
"working minister night-time economy taskforce help secure viable, vibrant night life post-covid, says ""clubbing everything, it’s culture. it’s creativity, it’s fun, it’s mates. it’s business, community."" ",@greenparty_ie,1,liberal
year 'right repair' becomes eu law. tried failed repair toaster today can't come moment t… ,@greenparty_ie,1,liberal
"need prepared tsunami referrals mental health services come side pandemic, says government fails invest now, end paying high price. ",@socdems,2,liberal
hearing reports fantastic relaunch yesterday. drop dm interested getting involved email kerry@socialdemocrats.ie ,@socdems,2,liberal
"childcare sector continues riddled chronic underinvestment, quality affordability issues crisis pay conditions staff. #covid19 made issues worse staff retention all-time low. ",@socdems,2,liberal
"concerns raised increased numbers childcare workers migrating pup - risen 1,992 december 4,1,centre-left,liberal75 february 1. breaks relationship providers staff affects holiday entitlements prsi contributions. ",@socdems,2,liberal
"journey justice survivors #motherandbabyhomes paved disappointment setbacks, says commission must extended beyond feb allow full investigation deleted recordings. ",@socdems,2,liberal
"speaking #dáil, calls govt extend term #motherandbabyhomes commission allow full investigation destruction recorded files witnesses' testimony. important fail survivors again. ",@socdems,2,liberal
"heard, social democrats looking setting sligo-leitrim branch - wednesday 17th february at… ",@socdems,2,liberal
"#covid19 exacerbate existing mental health issues. therefore worrying funding allocated national eating disorder treatment plan - €1.6 million allocated 2019, none spent. ",@socdems,2,liberal
move away adversarial nature politics listen experiences advocacy work groups such… ,@socdems,2,liberal
home #quarantining unenforceable. taoiseach said much #dáil today. travel major weakness i… ,@socdems,2,liberal
"coming 6.30pm, #socdems co-leader discussing latest developments vaccines quarantining. ",@socdems,2,liberal
working aviation sector need supported take aggressive approach driving #covid19. ,@socdems,2,liberal
we're told there's primary legislation needed mandatory quarantining. opposition cooperative this. ,@socdems,2,liberal
home quarantining enforced? even gardaí admit there's problem this. govt's claim international travel low-risk blown water dominance uk variant #covid19 here. ,@socdems,2,liberal
coming 4.30pm #socdems co-leader discussing hotel quarantining international travel ,@socdems,2,liberal
reappointment niall muldoon ombudsman children welcome. children left behind last economic downturn must protected emerge #covid19 . many children never lived economic recovery. ,@socdems,2,liberal
"minister housing needs correct #dáil record following misleading statements relation standards homeless hostels, says full statement here. ",@socdems,2,liberal
impact #covid19 -19 viewed test economic disruption want avoid county transition zero-carbon economy. govt needs show commitment transition model poverty-proofed. ,@socdems,2,liberal
home quarantining unenforceable taoiseach admitted much. mandatory hotel quarantining #zerocovid strategy essential open economy society. ,@socdems,2,liberal
"people expect govt play part ensuring effective restrictions drive virus, including proper controls international travel. mandatory hotel quarantine essential. home quarantining mean? work? ",@socdems,2,liberal
"apart #covid19, also facing climate crisis. address fuel poverty key meeting climate obligations. transition must central tenet. climate action must fall disproportionately low-income households. ",@socdems,2,liberal
people make cruel choices fuel food. person loses job wait months qualify fuel allowance? need recognise people cold. ,@socdems,2,liberal
"commenting increased drug driving detection rates, says proactive policing past year catch types crimes. unequal distribution gardaí around country. #tonightvmtv ",@socdems,2,liberal
parents children special needs always lobby services. concern lose something stays lost. rebuilding back something way better. #tonightvmtv ,@socdems,2,liberal
reopening special education well handled. announcement made inadequate appreciation fear felt. helpful people pitched other. #tonightvmtv ,@socdems,2,liberal
reopening special schools start. cohort missed - children additional needs mainstream classes. #tonightvmtv ,@socdems,2,liberal
#tonightvmtv 10pm: health minister government covid strategy impact third lockdown sp… ,@socdems,2,liberal
coming outlining believes govt's affordable housing bill flawed policy help young buyers benefit property developers. ,@socdems,2,liberal
"appears nursing homes religious communities left vaccine schedule. #healthcommittee, hse offi… ",@socdems,2,liberal
"complete failure govt learn lessons first wave nursing homes. cases bad last spring. serious need swift action clinical oversight, safe staffing ratios statutory homecare scheme. #nursinghomes #covid19 ",@socdems,2,liberal
social democrats call leaving certificate students get calculated grades year. party also wants… ,@socdems,2,liberal
"social democrats sought time week discuss covid-19 dáil, refused. offered facilitate friday sitting required. ",@socdems,2,liberal
need situation student risk regression able return classroom. ,@socdems,2,liberal
need certainty leaving cert. calculated grades implemented. needs laptop every student needs one. need extra supports students go back. #leavingcert2021 ,@socdems,2,liberal
"social democrats also calling predicted grades year’s leaving cert pupils, saying constant doubt e… ",@socdems,2,liberal
"health committee, asks arrangements place rolling vaccine programme religious nursing homes? group included over-65s prioritisation category specific congregated setting. ",@socdems,2,liberal
min health said vaccines provided four nursing homes significant numbers vaccinated homes. important told exact number residents staff nursing homes received vaccine. ,@socdems,2,liberal
back situation high rates #covid19 deaths nursing homes. lessons learned first wave? clinical oversight private sector nursing homes chronic underfunding home care among issues identified. ,@socdems,2,liberal
"tá! seoladh leathanaigh nua tsuímh (/fuinn agus /gaeilge) anuraidh, araon lenár ng… ",@socdems,2,liberal
merit official languages bill fails protect irish language communities - ní fiú bille na dteangacha oifigi… ,@socdems,2,liberal
"le bille na dteangacha oifigiúla mar atá sé faoi láthair, ""tá muid ag cailliúnt na deise chun cothrom na féinne thab… ",@socdems,2,liberal
great interview covering everything #womeninpolitics #motherandbabyhomes report. ,@socdems,2,liberal
anois teacht earraigh... happy #lafeilebhride! ,@socdems,2,liberal
"hares held captive cruel coursers released, heritage minister darragh o’brien told social democrats… ",@socdems,2,liberal
good see #ceta getting airing council level. fact public discussion th… ,@socdems,2,liberal
.@garygannontd first politician ireland i’ve heard advocating trauma informed approaches schools ,@socdems,2,liberal
little thread back member party like me. people found useful/… ,@socdems,2,liberal
make difference make things better ,@socdems,2,liberal
make difference #getinvolved ,@socdems,2,liberal
"ema approval #astrazeneca welcome. crucial vaccines delivered, delay whatsoever administering them. ",@socdems,2,liberal
social democrats councillor paul mulville expressed “disappointment” following vote taken yesterday’s local… ,@socdems,2,liberal
great news! ,@socdems,2,liberal
minister housing told dáil yesterday: ,@socdems,2,liberal
minister housing know going homeless services? yesterday minister told dáil qu… ,@socdems,2,liberal
confirmation wild hares captured coursing released welcome. raising issue minister learning hares netted late december - despite suspension coursing #level5. ,@socdems,2,liberal
unacceptable people living private emergency accommodation protection quality standards. creation two-tier system emergency accommodation regressive step. ,@socdems,2,liberal
"total, people homeless dublin died 2020, according dublin regional homeless executive. compares 2018. cannot allowed continue. ",@socdems,2,liberal
i'm writing minister housing today urging meet organisations support homeless people a… ,@socdems,2,liberal
"joined years ago many reasons. main ones being, improve workers rights &amp; lives local… ",@pb4p,2,liberal
joined pbp felt didn’t access party would genuinely reflect principles societal compassi… ,@pb4p,2,liberal
miss tonight's meeting! anyone interested socialism getting involved people profit! register n… ,@pb4p,2,liberal
joined people profit almost years ago far sensible thing year old did. pbp's… ,@pb4p,2,liberal
joined pbp year half ago. i’d wanting join party pbp felt like right place m… ,@pb4p,2,liberal
"first became interested pbp back 2019, bríd smith brought climate emergency measures bill dáil. befo… ",@pb4p,2,liberal
joined wanted able help make small difference people's lives ireland. since then… ,@pb4p,2,liberal
"joined working community sector getting super frustrated structural, systemic &amp; class ba… ",@pb4p,2,liberal
"great see tweets people joined joined many, many years ago now. convinced (and more… ",@pb4p,2,liberal
"joined pbp fed 'same old, old' politics west belfast, north, right acros… ",@pb4p,2,liberal
want see end fianna fail/ fine gael rule? want see proper public healthcare system? county… ,@pb4p,2,liberal
we're delighted you! ,@pb4p,2,liberal
"took plunge believe 32-county eco-socialist ireland, single-tier heath service, workers’ rights, prop… ",@pb4p,2,liberal
pbp galway members share got involved believe working class potential to… ,@pb4p,2,liberal
ones quite make cut unfortunately ,@pb4p,2,liberal
joined people profit couple weeks ago believe socialist party ireland truly ca… ,@pb4p,2,liberal
joined pbp i'm nerd wants rights. ive become convinced requires united socialist ireland an… ,@pb4p,2,liberal
"think might like #joinpbp, well worth listen understand party views values ",@pb4p,2,liberal
joined pbp seemed political party sound principles. still story. #… ,@pb4p,2,liberal
"joined pbp gave hope years disillusionment powerlessness ff/fg, fighting peo… ",@pb4p,2,liberal
future equal society need fight us issues dear you. education child… ,@pb4p,2,liberal
"join socialists, join fightback! workplaces, communities campaigns members always working… ",@pb4p,2,liberal
#joinpbp (pbp nuig) ,@pb4p,2,liberal
"want socialist society every human right housing, healthcare education. also want societ… ",@pb4p,2,liberal
join part ireland's largest left wing organisation bring change need tackle climate c… ,@pb4p,2,liberal
i've member people profit start saw fighting issues mattered me… ,@pb4p,2,liberal
"joined first ever meeting dún laoghaire. bin charges campaigners environmentalists, ",@pb4p,2,liberal
joined making arguments needed made fighting alongside communities things t… ,@pb4p,2,liberal
"supported beginning decided join knew job, principled p… ",@pb4p,2,liberal
#newprofilepic #joinpbp ,@pb4p,2,liberal
"joined pbp almost years ago was, remains be, party directed towards real change. part… ",@pb4p,2,liberal
"join largest ecosocialist party island, fight county socialist ireland. sign ",@pb4p,2,liberal
picked right party. think too. #joinpbp ,@pb4p,2,liberal
empower community. #joinpbp ,@pb4p,2,liberal
"join largest ecosocialist party island, fight county socialist ireland. today's good day si… ",@pb4p,2,liberal
"join campaign things improve lives everyone society- zero-covid, fair pay day’s… ",@pb4p,2,liberal
short thread joined read noam chomsky quote earlier last year spoke 'real' pol… ,@pb4p,2,liberal
reasons #joinpbp. there's many more. join party actually shape policy voice important anyone else's. ,@pb4p,2,liberal
"join largest ecosocialist party island, fight county socialist ireland. today's good day sign #joinpbp ",@pb4p,2,liberal
people profit says it’s meeting sinn féin today “call join pushing zero covid policy”.… ,@pb4p,2,liberal
hostels unsafe? quality standards private emergency accommodation? hasn’t housingfir… ,@pb4p,2,liberal
we're today making case meetings live streamed. cllrs seem opposed t… ,@pb4p,2,liberal
today giving view dispute resolved. can… ,@pb4p,2,liberal
miss tonight's meeting! anyone interested socialism getting involved people profit! register attend! ,@pb4p,2,liberal
solidarity debenhams workers pbp galway day struggle fair redundancy! ,@pb4p,2,liberal
taoiseach stunned raised #ibrc case. solidarity #300days… ,@pb4p,2,liberal
"done women ireland absolutely unforgivable. gutting health service ff/fg govts, outsourcing smear tests, incalculable human cost. women affected still let lied to, attempt get justice. ",@pb4p,2,liberal
debenhams workers urge taoiseach redundancy pay ,@pb4p,2,liberal
#watch former debenhams workers renewed call taoiseach intervene campaign better… ,@pb4p,2,liberal
curious politics people profit? join us tomorrow evening public meeting td richard boyd barrett cllr fiona ferguson. world win! register attend meeting ,@pb4p,2,liberal
"days fighting fair redundancy! inspiration us! shame kpmg, debenhams… ",@pb4p,2,liberal
"speaking shortly #dail urgent need extend grant supports musicians, events &amp; arts workers w… ",@pb4p,2,liberal
"government abandoned workers arts, entertainment, events. video parts ",@pb4p,2,liberal
,@pb4p,2,liberal
angry #motherandbabyhomes &amp; support fgff sealed records &amp; allowed destruction testimony. be… ,@pb4p,2,liberal
feat. “which side boys?” #300days picket lines #debenhamsworkers ,@pb4p,2,liberal
"ibrc - bailed people, put €5.5m fund enhanced redundancy, assets #ibrc. everybody less th… ",@pb4p,2,liberal
adding insult every injustice done #debenhamsworkers tells arduous days… ,@pb4p,2,liberal
next speaker says debenhams workers pickets days. says wanted 2plus redundancy retr… ,@pb4p,2,liberal
"emergency services called hayan ibrahim monday, 5th day hunger strike mosney direct provision c… ",@pb4p,2,liberal
“the govt allowed bank workers #ibrc (anglo irish bank) avail cash payment fund similar ex #debenham… ,@pb4p,2,liberal
claims taoiseach “abandoned” #debenhamsworkers . calls show… ,@pb4p,2,liberal
excellent performance taoiseach shook. common sense. debenhams workers… ,@pb4p,2,liberal
jeff bezos makes annual salary lowest paid employee every seconds ,@pb4p,2,liberal
govt pushed vaccine optimism means dismissing #zerocovid. lines stephen donnelly's bumbling cl… ,@pb4p,2,liberal
"westmeath joins growing list new branches, hot heels east belfast, limerick, nth tipperary, east tyrone, ucc, navan armagh! join us building people power communities workplaces across ireland #joinpbp ",@pb4p,2,liberal
great piece arguing suspension intellectual property rights expand vaccine access glob… ,@pb4p,2,liberal
"people profit td said debenhams workers 'very, badly let down' government after… ",@pb4p,2,liberal
"many vaccines available year made possible public investment. vaccines global public good, profit-generating commodity subjected artificial scarcity. gino kenny writes journal. ",@pb4p,2,liberal
really looking forward putting time really interesting formative talk evening m… ,@pb4p,2,liberal
engaging informative zoom meeting tonight setting branch westmeath. excited future a… ,@pb4p,2,liberal
"1,543 covid deaths occurred nursing home settings. deaths happened january. numbers someone's parent, someone's grandparent, someone's friend, someone's sibling. called today public inquiry. ",@pb4p,2,liberal
"deputy says cabinet decision legislate ban future oil +gas exploration ""good news +… ",@pb4p,2,liberal
"""@pb4p's told members believed public inquiry impact covid-19 nursing homes will… ",@pb4p,2,liberal
"flurry resignations green party unsurprising, party leadership break promise promise. urge get touch green party td's instruct vote ratifying ceta. #eamonryan #ceta #stopceta ",@pb4p,2,liberal
welcome ivan! ,@pb4p,2,liberal
half covid-19 deaths setting nursing homes. need public inquiry. ,@pb4p,2,liberal
good news doesn’t go far enough existing licences good till needs radical urgent action #climat… ,@pb4p,2,liberal
today’s health cmte impact c19 nursing homes reiterated public inquiry needs happen given th… ,@pb4p,2,liberal
thanks contributions last night case for… ,@pb4p,2,liberal
thank leadership getting ball rolling o… ,@pb4p,2,liberal
"evening! learn education workers organising, revolting winning. eric blanc (‘red state revolt’ author) becca bor (former chicago teachers’ union activist). presented pbp trade union dept. register take part ",@pb4p,2,liberal
"'ni executive covid response blames everybody else without looking mirror,' says mla gerry carrol… ",@pb4p,2,liberal
class see lots people sharing join pbp. joined atrocities committed gaza. pbp w… ,@pb4p,2,liberal
"please sign share petition calling irish government support growing campaign ''people's vaccine'', bring demand world trade organisation eu. #peoplesvaccine ",@pb4p,2,liberal
it!! dublin city council support campaign &amp; ireland nhs! thanks f… ,@pb4p,2,liberal
first meeting local branch feels great finally board talking about… ,@pb4p,2,liberal
"great, happy board! ",@pb4p,2,liberal
"staunchly believe united ireland, socialist state, climate justice all, living wage workers, afforda… ",@pb4p,2,liberal
motion supporting passed dcc tonight! need one tier health service accessible liv… ,@pb4p,2,liberal
"tonight belfast city council voted hike rates people pandemic many struggling, work, and… ",@pb4p,2,liberal
#joinpbp ,@pb4p,2,liberal
goddammit guys win! whittled 'decent policies' 'good ideas' 'actually fighting for… ,@pb4p,2,liberal
joined end 2016. flirted idea joining party research. part… ,@pb4p,2,liberal
fáilte! ,@pb4p,2,liberal
"full disclosure: pretty nihilistic regarding politics long time. apathetic, felt completely powerl… ",@pb4p,2,liberal
sociology degree constantly seeing society breaks fails people would way depressing i… ,@pb4p,2,liberal
"joined pbp graduating, starting work full time yet seeing paycheck disappear paying rent. in… ",@pb4p,2,liberal
tonight's debate interesting. need ireland national health service. ,@pb4p,2,liberal
"mercy boards directors pharma firms. aids crisis years ago, glaxo smith kline forced, public pressure, suspend intellectual property drug azt. please sign share petition ",@pb4p,2,liberal
join sunday 7pm live online public meeting. want hear you. send us questions comments ,@sinnfeinireland,2,liberal
almost £40m vital support students agreed executive. i’ve urged ministers step efforts reach… ,@sinnfeinireland,2,liberal
"""today, written central bank requesting put place business interruption insurance examination, similar undertaken tracker mortgages. ""the central bank must defend interests policyholders."" ",@sinnfeinireland,2,liberal
"""the green party leader's decision renege coonagh knockalisheen distributor road committed programme government matter three government party leaders responsible for. must addressed."" ",@sinnfeinireland,2,liberal
"warm words needed protect aviation jobs - ""the covid-19 travel restrictions necessary implication workers sector must acknowledged responded to."" ",@sinnfeinireland,2,liberal
larne port workers able go back work - mcguigan ,@sinnfeinireland,2,liberal
asked department economy ensure students north studying south britain r… ,@sinnfeinireland,2,liberal
health committee opposed so-called conversion therapies ,@sinnfeinireland,2,liberal
"government spends €700,000 fighting families children disabilities - “talk cheap legal cost not. families need immediate action children achieve developmental needs."" ",@sinnfeinireland,2,liberal
"global pandemic requires global solution, one safe everyone safe. ireland make difference signing european citizens’ initiative at: #noprofitonpandemic #covid19 #covidireland ",@sinnfeinireland,2,liberal
every full time student north receive payment £500 directly pockets. student hardship fund… ,@sinnfeinireland,2,liberal
every student studying north receive £500. means £22 million go directly pockets students families. sinn féin continue stand students ensure properly supported. ,@sinnfeinireland,2,liberal
"despite assurances tánaiste would never happen again, yesterday saw another woman failed state forced go courts. heartbreaking scandal time commitments made delivered upon. #cervicalcheck – ",@sinnfeinireland,2,liberal
strategy needed support mental health well-being children young people - sheehan ,@sinnfeinireland,2,liberal
sinn féin's launched assembly bill make suicide prevention training requirement frontline staff public bodies government departments. take consultation here: ,@sinnfeinireland,2,liberal
"sinn féin leas uachtarán joint head government north live today, 8:20am listen here: #morningireland ",@sinnfeinireland,2,liberal
"sinn féin leader live morning, 7:50am. listen here: #r4today ",@sinnfeinireland,2,liberal
"sinn féin national chairperson &amp; executive minister live morning, 7:20am listen here: #bknt ",@sinnfeinireland,2,liberal
"last friday political unionism brexiteers seized opportunity undermine, unravel remove irish protocol. s… ",@sinnfeinireland,2,liberal
need see mature leadership across political spectrum. reckless whipping hysteria must end the… ,@sinnfeinireland,2,liberal
"eu commission confirmed protocol renegotiation. alternative protocol would protect businesses, jobs all-island economy. called political parties work common purpose resolve issues. ",@sinnfeinireland,2,liberal
"sinn féin spokesperson finance live evening, 10:00pm watch here: #tonightvmtv ",@sinnfeinireland,2,liberal
"banks must support businesses, workers families economic uncertainty ",@sinnfeinireland,2,liberal
"sinn féin's bill make suicide prevention training requirement frontline staff across north. giving staff basic training, could help save lives. fill consultation here: ",@sinnfeinireland,2,liberal
"government must deliver ex-debenhams workers - “the former debenhams workers strike days today. stood steadfast campaigning bravery dignity pursuit decent fair redundancy package."" ",@sinnfeinireland,2,liberal
"sinn féin health spokesperson said hse’s announcement use oxford/astrazeneca vaccine 70s serious set-back vaccine rollout. ""the minister needs set clear revised targets"" ",@sinnfeinireland,2,liberal
students campaign update. welcome news yesterday £10.4m students questions remain. what’s criteria stud… ,@sinnfeinireland,2,liberal
"government today rejected sinn féin’s motion help people struggling increased fuel costs by; extending fuel allowance pup, making double payment fortnight feb existing recipients &amp; ensuring jobseekers get fuel assistance months. ",@sinnfeinireland,2,liberal
good brexit ireland. time steady mature leadership prevail across political parties. political unionism must stop recklessly whipping hysteria attempts unpick protocol. protocol must protected – ,@sinnfeinireland,2,liberal
"government plan international arrivals inadequate unimplementable - “the government refused listen public health advice. arguments mandatory quarantine simply stack up."" ",@sinnfeinireland,2,liberal
"sinn féin mla gerry kelly said psni serious questions answer intimidation east belfast uvf mob. community centre, provides services local residents, also forced close following threats towards staff ",@sinnfeinireland,2,liberal
"credible alternative exists irish protocol protects peace, jobs stability - ",@sinnfeinireland,2,liberal
economy minister needs extend grant schemes rather hand back money - archibald ,@sinnfeinireland,2,liberal
clearest message could sent non-essential travel country mandatory quarantine. micheál martin stephen donnelly resisting something obviously necessary no-brainer? – #dáil #covid19ireland ,@sinnfeinireland,2,liberal
"businesses need certainty, hysteria. what's needed calm heads leadership. speaking ",@sinnfeinireland,2,liberal
sinn féin health spokesperson david cullinane td called minister stephen donnelly stop delaying act sinn féin dáil motion passed two weeks ago student nurse midwife pay ,@sinnfeinireland,2,liberal
"sinn féin spokesperson finance live morning, 10:00am listen here: #todaycb ",@sinnfeinireland,2,liberal
"sinn féin spokesperson health live morning, 7:05am listen here: #bknt ",@sinnfeinireland,2,liberal
thoughts family murder victim - ,@sinnfeinireland,2,liberal
"""the position adopted dup reckless driven best interests people north. urge pull back. ""now time calm leadership deal disruption arisen due brexit."" ",@sinnfeinireland,2,liberal
beidh úrlabhraí gaeilge shinn féin ar anocht ó 8.00i.n. ar féach anseo: ,@sinnfeinireland,2,liberal
"we're getting money pockets workers, families, businesses students. £100m announced support: students teachers housing public transport local businesses ",@sinnfeinireland,2,liberal
"govt tried justify €81,000 pay increase head dept health appropriate due ""scale responsibilities"". time, valued responsibilities faced student nurses &amp; midwives worthy zero pay. fair? ",@sinnfeinireland,2,liberal
"today, announced £35 million teachers' pay settlement. proud job teachers give children best opportunities life. ",@sinnfeinireland,2,liberal
"solving housing crisis means investing genuinely affordable homes workers families, reducing rents putting month's rent back pocket banning rent increases. solutions time government act – ",@sinnfeinireland,2,liberal
we're supporting students – today announced £10.4 million student hardship fund ,@sinnfeinireland,2,liberal
economy minister bid funding support students - ,@sinnfeinireland,2,liberal
.@cathalboylansf welcomes penalty increase mobile phone use driving ,@sinnfeinireland,2,liberal
"sinn féin's dáil motion help workers families struggling pay heating electricity bills. retweet post contact tds support important, common sense plan. ",@sinnfeinireland,2,liberal
sinn féin spokesperson social protection claire kerrane td launched motion help workers families struggling pay heating electricity bills ,@sinnfeinireland,2,liberal
"hands-off approach nursing homes failing residents families - “there 1,500 workers sector tested positive covid january, 2,500 residents."" ",@sinnfeinireland,2,liberal
"sinn féin td &amp; chair pac brian stanley published ‘comptroller &amp; auditor general bill 2021’. would empower c&amp;ag pac chase public money spent, even state funding comprises less 50% organisation’s revenue. ",@sinnfeinireland,2,liberal
"""the potential country potential #irishunity opens us absolutely immense"" listen full interview here: ",@sinnfeinireland,2,liberal
"""every worker freedom go work without fear intimidation. ""threats port workers disgraceful &amp; responsible must called out. ""ensuring staff safely return work must priority."" -@moneillsf threats port workers ",@sinnfeinireland,2,liberal
sinn féin's karen mullan mla welcomes school health sciences boost magee university ,@sinnfeinireland,2,liberal
mcaleer requests urgent meeting ports threats ,@sinnfeinireland,2,liberal
students hoping economy minister homework done brings proposals today get money back pockets. –––– #supportourstudents ,@sinnfeinireland,2,liberal
"sinn féin leader live morning, 10:00am listen here: #pknt ",@sinnfeinireland,2,liberal
welcome confirmation staff special schools vaccinated covid19. vaccination frontline… ,@sinnfeinireland,2,liberal
"sinn féin spokesperson public expenditure reform mairéad farrell td said minister michael mcgrath serious questions answer tomorrow's finance committee, salary increase new secretary general ",@sinnfeinireland,2,liberal
"looking docs ahead finance committee mcgrath tomorrow, serious questions minister chose in… ",@sinnfeinireland,2,liberal
.@gildernewcolm welcomes vaccinations special school staff ,@sinnfeinireland,2,liberal
breaking: staff special schools across north offered vaccine help support vulnerable children society ,@sinnfeinireland,2,liberal
.@mcguigan_philip condemns threat port workers ,@sinnfeinireland,2,liberal
students need money help rent fees. time lift stress worry put support place. money – bring forward scheme #supportourstudents ,@sinnfeinireland,2,liberal
"date special education return welcome communication detail crucial - ""families want know way 50% attendance work, supports available children school."" ",@sinnfeinireland,2,liberal
"additional supports needed protect aviation jobs connectivity - “the government must listen legitimate concerns workers trade unions, work airlines put comprehensive plan place."" ",@sinnfeinireland,2,liberal
"single case taken one year new sale supply pets regulations - ""every day inaction government means animals suffer needlessly unscrupulous sellers continue profit misery.” ",@sinnfeinireland,2,liberal
week dáil sinn féin bringing forward proposals help workers families struggling pay heating electricity bills share video ask tds support achievable common-sense proposals – ,@sinnfeinireland,2,liberal
"motor insurers must cut premiums traffic volumes fall 37% since start pandemic - “insurers took crisis opportunity boost profits, offering rebates bear resemblance savings companies make."" ",@sinnfeinireland,2,liberal
£42.3m heating payments made older citizens need society payment heat th… ,@sinnfeinireland,2,liberal
"taoiseach’s recognition choice leaving cert students welcome detail urgently required - ""the detail important - alternative be, grades arrived at, role teachers this."" ",@sinnfeinireland,2,liberal
"cinemas &amp; events venues impacted pandemic able access large tourism &amp; hospitality business support scheme. money available, excuse economy minister get support need ",@sinnfeinireland,2,liberal
time fairness certainty workers. time ban zero hour contracts. here's results survey bill ban contracts give workers break. ,@sinnfeinireland,2,liberal
"sinn féin spokesperson children kathleen funchion td said reports survivors’ testimonies mother baby homes commission destroyed ‘very alarming’ “survivors cannot treated little respect"" ",@sinnfeinireland,2,liberal
self isolate due positive test result home. work home continue protect fami… ,@sinnfeinireland,2,liberal
"encouraging taoiseach considering kind leaving cert choice sinn féin proposed, many students… ",@sinnfeinireland,2,liberal
sf td says it’s maximum suppression strategy that’s required we’re going crush virus ver… ,@sinnfeinireland,2,liberal
disgraceful sectarian graffiti daubed st mary’s chapel limavady overnight. i’ve spoken psni inves… ,@sinnfeinireland,2,liberal
"sinn féin spokesperson media, tourism sport live today, 12noon watch here: #twip ",@sinnfeinireland,2,liberal
"sinn féin leader live 'on record' today, 12noon listen here: #ontherecordnt ",@sinnfeinireland,2,liberal
.@paulmaskeymp condemns graffiti threat tanáiste ,@sinnfeinireland,2,liberal
time cool heads solidarity fight global pandemic. protocol exists solution avoid hard border protect all-island economy good friday agreement. must maintained. speaking ,@sinnfeinireland,2,liberal
"bloody sunday massacre innocents peacefully campaigned democratic rights. 49th anniversary,… ",@sinnfeinireland,2,liberal
"sinn féin vice-president joint head government, michelle o’neill said time calm heads solidarity fight global pandemic. eu british government need honour implement agreements. ",@sinnfeinireland,2,liberal
.@m_andersonsf sends solidarity bloody sunday families ,@sinnfeinireland,2,liberal
we're providing additional £200 payment help heat homes need winter. important people #staywarm homes. continue support communities. ,@sinnfeinireland,2,liberal
"sinn féin spokesperson education live afternoon, 1:00pm listen here: ",@sinnfeinireland,2,liberal
use #article16 grave error. citizens need timely access lifesaving vaccines trade disputes. now… ,@sinnfeinireland,2,liberal
spoken irish govt raise serious concerns relation invoking art. 16. t… ,@sinnfeinireland,2,liberal
"tánaiste must fully resource fai investigation - ""people involved grassroots football let running sport. disillusioned, deserve transparency accountability."" ",@sinnfeinireland,2,liberal
students among hardest hit pandemic. many forced continue pay accommodation th… ,@sinnfeinireland,2,liberal
"funding, resources additional powers needed fight white-collar crime - louise o’reilly td senator paul gavan ",@sinnfeinireland,2,liberal
mcaleer criticises lack daera bids additional covid funding ,@sinnfeinireland,2,liberal
economic recovery needs address inequalities faced women - archibald ,@sinnfeinireland,2,liberal
"leaving certificate uncertainty cannot continue - “the lack contingency planning alarming. minister needs set plan ensure don’t see repeat last year’s fiasco."" ",@sinnfeinireland,2,liberal
"sinn féin spokesperson health live evening, 5:05pm listen here: #drivetime ",@sinnfeinireland,2,liberal
want know governments proposed shared equity loan scheme &amp; worked england? join ,@sinnfeinireland,2,liberal
approved 'thank you' payments hsc staff students. also written british government ask… ,@sinnfeinireland,2,liberal
.@k_mullan pays tribute foyle hospice founder dr tom mcginley ,@sinnfeinireland,2,liberal
