one five adults uk received first dose vaccine. every jab gets us closer defeating vi‚Ä¶ ,@conservatives,-2,conservative
#worldcancerday thoughts everyone bravely battling cancer sadly lost lives thi‚Ä¶ ,@conservatives,-2,conservative
tonight honoured captain sir tom moore health workers recognised fundraising. #clapforcaptai‚Ä¶ ,@conservatives,-2,conservative
today i've seen fantastic work nhs staff &amp; volunteers new vaccination centre set neasden. message t‚Ä¶ ,@conservatives,-2,conservative
watch live: update coronavirus (3 february 2021) ,@conservatives,-2,conservative
"we‚Äôre supporting tens thousands jobs film &amp; tv sector, giving productions confidence need get back running ",@conservatives,-2,conservative
it‚Äôs fantastic million people uk got first dose vaccine. thank everyone has‚Ä¶ ,@conservatives,-2,conservative
million people across uk received coronavirus vaccine continue accelerate vaccination programme ,@conservatives,-2,conservative
million people received first dose covid vaccine. hugely significant milestone our‚Ä¶ ,@conservatives,-2,conservative
"want end transmission hiv 2030. lowest rates transmission decades &amp; one best track records treatment world, making progress us need take test. give hiv finger. visit ",@conservatives,-2,conservative
wanted stay european medicines agency said so.... starmer: ‚Äúi‚Äôve never said that‚Äù amnesia pla‚Ä¶ ,@conservatives,-2,conservative
"tonight 6pm we‚Äôll put hands together show appreciation captain sir tom moore, stood and‚Ä¶ ",@conservatives,-2,conservative
tonight 6pm clap honour life sir health workers recognised‚Ä¶ ,@conservatives,-2,conservative
i‚Äôm delighted announce appointed youth mental health ambassador. young people h‚Ä¶ ,@conservatives,-2,conservative
commitment people northern ireland union unshakeable. recent eu moves undermined protoc‚Ä¶ ,@conservatives,-2,conservative
really encouraging study - thank teams &amp; vaccines way t‚Ä¶ ,@conservatives,-2,conservative
tonight union flag flies half mast memory life captain sir tom moore. ,@conservatives,-2,conservative
captain sir tom moore hero truest sense word. legacy long live him. ,@conservatives,-2,conservative
,@conservatives,-2,conservative
"rest peace captain sir tom moore, hero inspired nation. ",@conservatives,-2,conservative
"prioritised protected care home residents, offering covid vaccine residents every eligible care home across england. ",@conservatives,-2,conservative
today we've announced additional ¬£50 million support university students facing difficulties result pandemic. ,@conservatives,-2,conservative
great see brilliant work community leaders today batley - everyone coming together get jabs people‚Äôs‚Ä¶ ,@conservatives,-2,conservative
90% people aged received first vaccine dose. vaccine also offered res‚Ä¶ ,@conservatives,-2,conservative
"9,200,000 people vaccinated. ""that includes 931,204 vaccinations weekend... that's one every‚Ä¶ ",@conservatives,-2,conservative
watch live: #coronavirus press conference (1 february 2021) speakers: secretary dr su‚Ä¶ ,@conservatives,-2,conservative
labour playing politics every turn. conservatives getting job. ,@conservatives,-2,conservative
morning prime minister visited local vaccination service based al-hikmah community centre‚Ä¶ ,@conservatives,-2,conservative
formally notified #cptpp nations intent join. membership will: heart o‚Ä¶ ,@conservatives,-2,conservative
vaccine offered residents every eligible care home england. huge step forward path beat‚Ä¶ ,@conservatives,-2,conservative
wishing everyone happy lgbt+ history month! #lgbthm21 ,@conservatives,-2,conservative
"thoughts much family. you‚Äôve inspired whole nation, know w‚Ä¶ ",@conservatives,-2,conservative
"i'm delighted 598,389 people received first covid vaccine yesterday - highest day far. vaccine adm‚Ä¶ ",@conservatives,-2,conservative
we‚Äôre seizing opportunities brexit applying join comprehensive progressive trans-pacific partnership. ¬£9 trillion trade partnership would deepen trade ties fastest-growing markets world. #globalbritain #cptpp ,@conservatives,-2,conservative
"year ago today left eu delivered manifesto promise get brexit done. we‚Äôve taken back control laws, borders money - we're securing trade deals world. #globalbritain ",@conservatives,-2,conservative
"labour calling jcvi, vaccine experts, ""to look evidence"" think they've u‚Ä¶ ",@conservatives,-2,conservative
".@rachelreevesmp #marr ""we're saying teachers vaccinated phase one"" 1st line labour pre‚Ä¶ ",@conservatives,-2,conservative
read oped joining asia pac trade area #cptpp huge opportunity business global br‚Ä¶ ,@conservatives,-2,conservative
"hong kong british national (overseas) visa open applications. bno citizens choice live, work‚Ä¶ ",@conservatives,-2,conservative
"thanks collective national effort, we're defeating virus. 8.3 million people covid vaccin‚Ä¶ ",@conservatives,-2,conservative
"tomorrow formally apply join #cptpp membership help drive export- led, jobs-led recovery across br‚Ä¶ ",@conservatives,-2,conservative
million people across united kingdom received first vaccine dose. thank everyone w‚Ä¶ ,@conservatives,-2,conservative
delighted 8.3 million people received covid vaccine. we're making great progress national effort t‚Ä¶ ,@conservatives,-2,conservative
"highlight day virtually drop year class st joseph‚Äôs catholic primary school, upminster‚Ä¶ ",@conservatives,-2,conservative
we‚Äôre giving boost airports ground handlers across england support pandemic. ,@conservatives,-2,conservative
year ago week got brexit done. since global britain hasn‚Äôt wasted day - seizing vast opportunities create jobs propel economic growth. ,@conservatives,-2,conservative
encouraging early trials vaccine developed janssen show effective coronavirus. h‚Ä¶ ,@conservatives,-2,conservative
"prime minister scotland today meeting healthcare staff, scientists military personnel who‚Ä¶ ",@conservatives,-2,conservative
great news positive phase trial results. million doses already order nhs s‚Ä¶ ,@conservatives,-2,conservative
good news vaccine proved effective uk trials. thank volunteers made res‚Ä¶ ,@conservatives,-2,conservative
"conservatives, davos organisations using ""build back better"" slogan. britain needs saving, rebuilding. ""build back better"" ethos simply trojan horse implement policies detrimental ordinary, working brits. ",@ukip,-2,conservative
join friday 7pm live youtube facebook guest let's connect! -- ,@ukip,-2,conservative
"wonderful labour perceives veterans token group thrown ""rebranding"" plans. actu‚Ä¶ ",@ukip,-2,conservative
joining us friday weekly broadcast leader mr neil hamilton ,@ukip,-2,conservative
breaking: katie hopkins stand candidate london elections ,@ukip,-2,conservative
"ukip leader, says #ukip back track! we're afraid tackle difficult issues parties want sweep rug. join us exciting journey become real alternative tired establishment parties - ",@ukip,-2,conservative
uk independence party consistently stood free speech lib/lab/con establishment (recent term‚Ä¶ ,@ukip,-2,conservative
exclusive: katie hopkins tipped ukip election run london via ,@ukip,-2,conservative
"happened daring speak mind equality act (which urgently needs scrapping) frighten us all. legal profession surrenders 'woke' country lost. ukip right behind you, jon! ",@ukip,-2,conservative
exclusive: calls google big tech defunds politicalite via ,@ukip,-2,conservative
katie hopkins currently live ,@ukip,-2,conservative
deeply saddened news captain sir tom moore's death. beacon hope steadfast positivity many a‚Ä¶ ,@ukip,-2,conservative
proud british fast becoming unspeakable statement. ukip's #katiehopkins says need bring back pride flag nation hope uniting country. ,@ukip,-2,conservative
people think patriotism bad thing. sad see. ,@ukip,-2,conservative
stop. importing. covid. ,@ukip,-2,conservative
leaders interview ,@ukip,-2,conservative
"vaccine row shown eu anti-free market bully afraid tear rule book pursuit enhancing power cartel, writes ukip's ",@ukip,-2,conservative
"one anthony blair's foremost many, many mistakes. ",@ukip,-2,conservative
devolution given rise dangerous separatists form sturgeon scotland plaid cymru wales wish tear nation apart. #ukip recognises way save united kingdom put end #devolution. ,@ukip,-2,conservative
"eu, world. ",@ukip,-2,conservative
"us riots may &amp; sept last year. 91% riots linked #blacklivesmatter movement, causing‚Ä¶ ",@ukip,-2,conservative
neil rebuilding radical libertarian ukip hierarchy turned tory lite 2012-2015 ,@ukip,-2,conservative
"ukip defence &amp; security spokesman, lt-gen jonathon riley, writes immediate threat posed free world aggressive chinese imperialism ",@ukip,-2,conservative
"well half way 100,000 sigatures. keep going. ",@duponline,-2,conservative
,@duponline,-2,conservative
"ian paisley mp highlights benefits young people learning space, parliament's debate future uk's space industry. ",@duponline,-2,conservative
"40,000 higher education students get ¬£500 dfe student hardship funds, digital poverty aid‚Ä¶ ",@duponline,-2,conservative
take part policy consultation: ,@duponline,-2,conservative
economy minister announces students receive ¬£500 covid disruption payment ,@duponline,-2,conservative
.@economy_ni minister announces students receive ¬£500 covid disruption payment ,@duponline,-2,conservative
end protocol sign petition ,@duponline,-2,conservative
,@duponline,-2,conservative
".@eastantrimmp ""...the promises made people northern ireland, result northern ireland protocol, citizenship uk would diminished, access gb market would disrupted, totally discredited."" ",@duponline,-2,conservative
,@duponline,-2,conservative
.@jimshannonmp speaking parliament's urgent question treatment uyghur women xinjiang detention camps. ,@duponline,-2,conservative
"""the northern ireland protocol ruptured united kingdom internal market order give armour-plated protection single market european union."" ",@duponline,-2,conservative
petition: trigger article 16. want unfettered gb-ni trade. ,@duponline,-2,conservative
"protocol post-brexit trade put northern ireland's links uk risk must scrapped, arlene foster says ",@duponline,-2,conservative
sad news passing holocaust survivor walter kammerling bem spent years millisle farm 1939. th‚Ä¶ ,@duponline,-2,conservative
"following request dup group belfast city council, lord mayor alderman frank mccoubrey today opened‚Ä¶ ",@duponline,-2,conservative
request opened online book condolence &amp; civic buildings also illumated blue (nhs c‚Ä¶ ,@duponline,-2,conservative
minister calls action parcel deliveries northern ireland. ,@duponline,-2,conservative
".@eastantrimmp ""there border irish sea. disruption trade ni gb, vice versa... truth matter is, people ni experiencing full benefits uk citizens 31st december."" ",@duponline,-2,conservative
education minister outlines theme year‚Äôs #childrensmentalhealthweek important emotional‚Ä¶ ,@duponline,-2,conservative
dups request via lord mayor opened online book condolence captain sir tom‚Ä¶ ,@duponline,-2,conservative
party representatives met leadership afternoon. ,@duponline,-2,conservative
"useful meeting earlier including dr alan stout, alongside &amp; trevor clarke mla. rais‚Ä¶ ",@duponline,-2,conservative
"owe huge debt gratitude captain sir tom moore, fundraising efforts meant western trust b‚Ä¶ ",@duponline,-2,conservative
"ian paisley mp education minister ""students must economically punished result awful pandemic must give hope, give help..."" ",@duponline,-2,conservative
"""we're saying government must take action - strong action, immediate action deal problems arisen."" ",@duponline,-2,conservative
"ian paisley mp says ""the protocol betrayed us, made us feel like foreigners country,"" calls take action remove impediments trade northern ireland. ",@duponline,-2,conservative
"moved away previous insistence ""rigorous implementation"" ni protocol dismissal issues just‚Ä¶ ",@duponline,-2,conservative
captain sir tom moore: main fermanagh omagh council parties unite pay respects - except sinn fein ,@duponline,-2,conservative
"crazy uk border officials banning soil great britain entering northern ireland, blaming n‚Ä¶ ",@duponline,-2,conservative
"ahead meeting prime minister, arlene foster ‚Å¶@dupleader‚Å© talks ‚Å¶@christopherhope‚Å© ni protocol failed. even banning soil gb entering northern ireland. ",@duponline,-2,conservative
listen carole walker 10pm-1am northern ireland border protocol arlene foste‚Ä¶ ,@duponline,-2,conservative
dup - free us protocol via ,@duponline,-2,conservative
captain sir tom moore left us. leaves behind living legacy nhs heroes inspiring example power‚Ä¶ ,@duponline,-2,conservative
sad news captain sir tom moore sadly passed away grand age 100. sir tom truly inspiratio‚Ä¶ ,@duponline,-2,conservative
"brave, inspirational charitable man. brought light darkness nation. sincerest condolences to‚Ä¶ ",@duponline,-2,conservative
"jim shannon condemns graffiti ""i opposed ni protocol every opportunity. office 9pm last night making virtual plea parliament mps help us ditch protocol"" via ",@duponline,-2,conservative
".@carlalockhart ""as mechanics east-west broken protocol, inconceivable north-south mechanics continue operate consent wider unionist community."" ",@duponline,-2,conservative
".@grobinsondup calls ""practicable workable solution"" issues caused ni protocol. ",@duponline,-2,conservative
"""the democratic unionist party opposed protocol outset recognised would cause societal, economic problems northern ireland - businesses consumers... unionist supporting protocol."" ",@duponline,-2,conservative
minister diane dodds announced new ¬£3m scheme help micro-business retailers develop sales online‚Ä¶ ,@duponline,-2,conservative
work recently undertaken &amp; made possible. large row cargo‚Ä¶ ,@duponline,-2,conservative
best wishes edwin. thoughts prayers. ,@duponline,-2,conservative
economy minister diane dodds announced new ¬£3m scheme help micro-business retailers develop e-commerce sa‚Ä¶ ,@duponline,-2,conservative
good news fe students. proposal ¬£1.7million alleviate digital hardship received support executive‚Ä¶ ,@duponline,-2,conservative
announced process awarding student grades year. ni ‚Äòcentre determined gr‚Ä¶ ,@duponline,-2,conservative
thanks best wishes received step back weeks surgery recovery. happily f‚Ä¶ ,@duponline,-2,conservative
wishing good friend every success goes surgery. praying positive outcome speedy re‚Ä¶ ,@duponline,-2,conservative
best wishes constituency colleague friend trusting &amp; praying goes well ne‚Ä¶ ,@duponline,-2,conservative
.@economy_ni minister launches software testing automation #assuredskills academy ,@duponline,-2,conservative
"edwin takes break receive medical treatment, thanks service best wishes dup famil‚Ä¶ ",@duponline,-2,conservative
.@dupleader tells call earlier development mid &amp; east antrim‚Ä¶ ,@duponline,-2,conservative
tonight: first minister condemns threats inspection staff larne port calls g‚Ä¶ ,@duponline,-2,conservative
welcome news. i‚Äôve number staff contact great relief them. ,@duponline,-2,conservative
best wishes friend colleague edwin poots prepares surgery recovery. ,@duponline,-2,conservative
consultation staff decided withdraw staff belfast larne ports tonight. safety remain‚Ä¶ ,@duponline,-2,conservative
delighted happening! children may well vulnerable deserve protective bubble around them. thank ,@duponline,-2,conservative
last days working closely ensure special school staff are‚Ä¶ ,@duponline,-2,conservative
good news hopefully paves way teaching staff access vaccination. ,@duponline,-2,conservative
staff special schools supporting children complex healthcare needs offered covid-19‚Ä¶ ,@duponline,-2,conservative
1/4 privileged close debate today health committee inquiry impact pandemic care hom‚Ä¶ ,@duponline,-2,conservative
"""what need see happen government act line said would do: ensure frictionless trade great britain northern ireland vice versa."" ",@duponline,-2,conservative
every tree plant land helps cut #carbonfootprint. small woodland grant scheme open application for‚Ä¶ ,@duponline,-2,conservative
disappointed news credit colleague chair apg terminal‚Ä¶ ,@duponline,-2,conservative
everyone northern ireland denied supply trade northern ireland protocol matter everyone. ,@duponline,-2,conservative
ni protocol disrupting trade northern ireland main market. harming buisinesses consumers in‚Ä¶ ,@duponline,-2,conservative
"""this accident, eu working last week"" tells debate eu's‚Ä¶ ",@duponline,-2,conservative
"""this accident, inadvertent mistake - eu working last week.. "" tells assembly‚Ä¶ ",@duponline,-2,conservative
fm says eu decision use article ‚Äú wrong ‚Äú people reacted ‚Äú dismay distrust ‚Äú‚Ä¶ ,@duponline,-2,conservative
".@dupleader says ‚Äúno accident, inadvertent mistake‚Äù eu planning last week. do‚Ä¶ ",@duponline,-2,conservative
first minister arlene foster tells ‚Äòdisappointment‚Äô psni probe breach covid-19 regulations loyalist funer‚Ä¶ ,@duponline,-2,conservative
article exposed eu‚Äôs hypocritical approach dup deputy leader calls government eradicate societal difficulties caused daily disruptions emanating northern ireland protocol. via ,@duponline,-2,conservative
"""the mask slipped"" tells #sundaypolitics triggering article eu made big mistake friday n‚Ä¶ ",@duponline,-2,conservative
"""the precedent set"" eu triggering article says calls used reduce tr‚Ä¶ ",@duponline,-2,conservative
"""grave concern"" unionists ni protocol tells #sundaypolitics ",@duponline,-2,conservative
sorry hear poor health. wishing speedy recovery. truly inspiration‚Ä¶ ,@duponline,-2,conservative
"""the genie really bottle. northern ireland protocol fit purpose."" ",@duponline,-2,conservative
,@duponline,-2,conservative
eu still prepared create hard border vaccines help people get pandemic. quite clear idea ni protocol necessary avoid hard border exposed monumental falsehood. ,@duponline,-2,conservative
it. eu still absolutely prepared implement hard border. exposes hypocrisy demand prot‚Ä¶ ,@duponline,-2,conservative
"""the genie really bottle. northern ireland protocol fit purpose."" ",@duponline,-2,conservative
eu rips protocol suits impose hard border ireland. genie bottle. argument‚Ä¶ ,@duponline,-2,conservative
warned eu continuously used ni bargaining chip. eu never prote‚Ä¶ ,@duponline,-2,conservative
breaking: eu introduced controls prevent export covid-19 vaccines bloc northern ireland. north‚Ä¶ ,@duponline,-2,conservative
i‚Äôve spoken prime minister evening. government must take robust action‚Ä¶ ,@duponline,-2,conservative
great news! hopefully continue roll vaccines 65s progresses ,@duponline,-2,conservative
fantastic progress made northern ireland‚Äôs vaccination programme! ,@duponline,-2,conservative
"northern ireland protocol interfering movement armed forces within uk. unworkable, unfair an‚Ä¶ ",@duponline,-2,conservative
.@economy_ni minister announces ppe funding non-statutory training providers ,@duponline,-2,conservative
getting britain vaccinated national mission. thank team valneva working hard produce vaccines get britain back track. ,@uklabour,1,liberal
self-employed people backbone british economy. chancellor urgently needs plug gaps support schemes. ,@uklabour,1,liberal
mental health toll hidden cost pandemic. #timetotalkday ,@uklabour,1,liberal
"make #timetotalk loved one today, together we‚Äôll break stigma mental health. hear shadow minister mental health ",@uklabour,1,liberal
irresponsible. can‚Äôt protect economy pandemic unless protect public health. chancellor's fa‚Ä¶ ,@uklabour,1,liberal
captain sir tom moore rare source light dark times. legacy lives incredible impact made health workers national health service. #clapforcaptaintom ,@uklabour,1,liberal
three half years since grenfell - yet people continue live unsafe unsellable homes. boris johnson could‚Ä¶ ,@uklabour,1,liberal
schools shut borders open. #pmqs ,@uklabour,1,liberal
"""no leaseholder pay unaffordable costs"" says pm- word ""unaffordable"" one keeps cropping up-‚Ä¶ ",@uklabour,1,liberal
year start covid pandemic pm still cant say robust quarantine policy pla‚Ä¶ ,@uklabour,1,liberal
good time remind everyone government's service set contact millions arrivals check peopl‚Ä¶ ,@uklabour,1,liberal
.@keir_starmer highlights biggest threat vaccine rollout - risk variant overseas arriving our‚Ä¶ ,@uklabour,1,liberal
everyone work home. government needs improve support need self isolate. ,@uklabour,1,liberal
incredibly sad news. captain tom moore put others first time national crisis beacon hope f‚Ä¶ ,@uklabour,1,liberal
"yesterday, labour put forward plan make homes safe protect people. instead working us, government chose leave millions people unsafe, unsellable homes. ",@uklabour,1,liberal
"yet again, government ignored warnings. borders still open. why? ",@uklabour,1,liberal
growing movement purpose-driven businesses help rebuild country tackle three crises face: e‚Ä¶ ,@uklabour,1,liberal
"incredibly worrying. ministers knowingly left borders open direct contradiction expert advice, potentially‚Ä¶ ",@uklabour,1,liberal
"truly shameful government ministers tory mps sold everyone trapped unsafe flats, unsellable flats nig‚Ä¶ ",@uklabour,1,liberal
"""to know tragedy happened grenfell know similar materials building really, really scary."" three half years grenfell unacceptable people still living unsafe unsellable homes. ",@uklabour,1,liberal
breaking: labour voted protect millions families stuck cladding crisis. conservatives didn‚Äôt even show up. ,@uklabour,1,liberal
"stories heartbreaking. tonight, conservatives must vote end cladding scandal. ",@uklabour,1,liberal
"nearly four years grenfell, hundreds thousands people still living unsafe homes. we‚Äôre forcing vote make sure government protects makes responsible, leaseholders, pay repairs. ",@uklabour,1,liberal
"securing economy, protecting nhs rebuilding country. labour‚Äôs priorities. ",@uklabour,1,liberal
residents like sarah made foot bill replace dangerous cladding. something incompetent government promised wouldn‚Äôt happen. it‚Äôs time provide upfront costs fix make responsible pay. ,@uklabour,1,liberal
britain worst recession major economy. hammering household finances way recover. #cancel‚Ä¶ ,@uklabour,1,liberal
"""these costs affordable."" co-founder uk cladding action group william martin says pay thousands p‚Ä¶ ",@uklabour,1,liberal
residents made foot bill replace dangerous cladding ‚Äì something incompetent government promised wouldn‚Äôt happen. we‚Äôre calling conservatives provide upfront costs fix make responsible pay. ,@uklabour,1,liberal
i've meeting families affected cladding scandal. one person told haven‚Äôt full night‚Äôs sleep si‚Ä¶ ,@uklabour,1,liberal
country lockdown borders open. dither delay unacceptable. must act now. (¬£) ,@uklabour,1,liberal
"cladding scandal means people like georgie ‚Äòcan‚Äôt see future, bankruptcy.‚Äô we‚Äôre calling tories end cladding scandal: ",@uklabour,1,liberal
labour forcing vote parliament tonight end cladding scandal: make homes safe immediate f‚Ä¶ ,@uklabour,1,liberal
today #claddingscandal - we‚Äôre forcing parliamentary vote make sure govt protects millions unsa‚Ä¶ ,@uklabour,1,liberal
"four fire grenfell tower killed 72, disgrace 200,000 high-rise homes remain wrapped flammable‚Ä¶ ",@uklabour,1,liberal
we‚Äôre calling tories end cladding scandal: make homes safe provide upfront costs start fixing cladding make responsible pay ,@uklabour,1,liberal
"nearly four years grenfell, hundreds thousands people still live buildings covered dangerous cladding. time incompetent government sort repairs make responsible pay. ",@uklabour,1,liberal
three half years grenfell unacceptable people still living unsafe unsellable homes. the‚Ä¶ ,@uklabour,1,liberal
"leaseholders abandoned, locked flammable homes facing ruinous costs. ministers must set national task force get grip deepening cladding crisis. ",@uklabour,1,liberal
three half years grenfell tower fire inquiry recommendations implemented hundreds‚Ä¶ ,@uklabour,1,liberal
people like jenni forced spend lockdown homes covered flammable cladding. they‚Äôre unsafe unsellable home owners‚Äô bills mounting. it‚Äôs time government made homes safe made responsible pay repairs. ,@uklabour,1,liberal
"we: section age consent gender recognition act equality act civil partnerships, precursor equal marriage lgbt+ rights human rights, we‚Äôre proud stand lgbt+ community. #lgbthistorymonth ",@uklabour,1,liberal
"government left millions people unsafe, unsellable homes dragging feet cladding. we‚Äôre calling government make homes safe protect people. ",@uklabour,1,liberal
vaccine rollout shows working communities nhs - instead outsourcing privatising - ca‚Ä¶ ,@uklabour,1,liberal
saying ‚Äúwe could‚Äù isn‚Äôt enough. need learn lessons crisis ensure can‚Äôt happen again. ,@uklabour,1,liberal
growth -3.4% -5.1% -5.4% -5.5% -9.0% -9.2% -10.0% worst recession wor‚Ä¶ ,@uklabour,1,liberal
owe lost lives loved ones learn lessons pandemic. that's labour is‚Ä¶ ,@uklabour,1,liberal
"monday we‚Äôre forcing vote make sure government protects millions people still living unsafe, unsellable homes. and, we‚Äôre telling make responsible, leaseholders, pay repairs. ",@uklabour,1,liberal
let‚Äôs get school staff vaccinated children back school. ,@uklabour,1,liberal
expecting questions... ,@uklabour,1,liberal
"‚Äúno stone left unturned prepare schools open stay open. ‚Äúas first step, let‚Äôs take opportunity‚Ä¶ ",@uklabour,1,liberal
people forced spend lockdown homes covered flammable cladding. they‚Äôre unsafe unsellable homeowners‚Äô bills mounting. it‚Äôs time government made homes safe made responsible pay repairs. ,@uklabour,1,liberal
deeply destabilising undermines efforts make protocol work. unilateral action nothing aid st‚Ä¶ ,@uklabour,1,liberal
"let‚Äôs make teachers support staff priority next round vaccinations, reopen schools sooner rather later. (¬£) ",@uklabour,1,liberal
"reopening schools soon safe must top priority. government must come proper plan. dither, delay. ",@uklabour,1,liberal
"let's use february half term window vaccinate teachers school staff. way, we'll one step closer t‚Ä¶ ",@uklabour,1,liberal
fantastic news vaccine. one step towards getting britain vaccinated. thank everyon‚Ä¶ ,@uklabour,1,liberal
"move biden admin end support offensive ops yemen, foreign affairs spox ",@thesnp,1,liberal
"record high 45,085 people received vaccine yesterday scotland. it‚Äôs third record high daily total row. snp vaccinated 98% older care home residents, protecting vulnerable first. now, planned, pace picking up. ",@thesnp,1,liberal
"it‚Äôs vital stick stay home message, lockdown provides us opportunity reach stay connected. every conversation power make big difference. may bleak right now, brighter days ahead. ",@thesnp,1,liberal
"45,085 people scotland received first dose vaccine yesterday. 52% day last week, an‚Ä¶ ",@thesnp,1,liberal
"scotland, 98% care home residents (the highest priority group) vaccinated. england, still don‚Äôt act‚Ä¶ ",@thesnp,1,liberal
"aged legally resident scotland, vote may's scottish parliament election‚Ä¶ ",@thesnp,1,liberal
"january 2021: industry leader tells mps uk government ""in denial scale problem"". adds uk ""created history country ever impose economic sanctions itself"". ",@thesnp,1,liberal
"january 2021: scottish fishing businesses park lorries westminster, protesting ""incompetent government destroying seafood industry"". ",@thesnp,1,liberal
january 2021: seafood producers warn they're go business due brexit chaos. europe's biggest fish market peterhead stands empty. tory minister brushes fishing concerns total contempt. ,@thesnp,1,liberal
"january 2021: fishermen experience millions pounds losses caused brexit, fishing business director challenges tory mp ""stop lying"" radio. ",@thesnp,1,liberal
"2018: tories promise ""a sea opportunity"". 2020: seafood scotland warns ""in short time, could see destruction centuries-old market contributes significantly scottish economy"". ",@thesnp,1,liberal
"2018: douglas ross says would rather drink ""pint cold sick"" vote deal gave eu vessels access years. 2020: boris johnson's brexit deal gives years access likely much more. douglas ross votes deal. ",@thesnp,1,liberal
"2018: scottish tories say ""access quota shares cannot included"" brexit deal. 2020: tories back brexit deal gives eu vessels access least five half years access, actually removes ability negotiate fish stock quotas. ",@thesnp,1,liberal
"2018: scottish tory mps pledge can't support brexit deal deliver ""complete control full sovereignty"" here's letter 2020: scottish tories back brexit deal delivers nothing like full control. ",@thesnp,1,liberal
"thread: tories sold scotland's fishing communities. promised ""sea opportunity"" - delivered hard brexit fishing industry calls betrayal. can't let hook. here's happened. ",@thesnp,1,liberal
"tories, politicising vaccination programme scotland, seem unable unwilling confirm ma‚Ä¶ ",@thesnp,1,liberal
"we're continuing increase roll covid vaccine scotland, scottish government hit another record number people vaccinated single day. ",@thesnp,1,liberal
"industry leader, james withers, sets brexit impact scottish food &amp; drink businesses: ""catastrophic decisio‚Ä¶ ",@thesnp,1,liberal
"interestingly, actually appears targets set vaccine roll-out plan. goal to‚Ä¶ ",@thesnp,1,liberal
"ns: ""stay home. protect nhs. save lives. that's mantra serving us well that's mantra, stick it, get us next weeks. thank much indeed listening."" ",@thesnp,1,liberal
"ns: ""please, continue stay home except essential purposes. make sure following facts advice keep safe."" ",@thesnp,1,liberal
"ns: ""we need get low possibly can. we're making progress. let trends give us hope future, hope, let's draw strength need keep going right stick it."" ",@thesnp,1,liberal
"ns: ""you see figures. case rates falling. numbers people hospital intensive care starting fall. vaccination accelerating. we've got work do. need case numbers get lower level."" ",@thesnp,1,liberal
"ns: ""and finally, let's keep focusing light end tunnel. we're end tunnel yet. still tough times ahead. there's doubt light visible point last weeks."" ",@thesnp,1,liberal
"ns: ""so feel need help, please reach remember - kind other. let's try, done throughout last months, continue support much can."" ",@thesnp,1,liberal
"ns: ""so point today is, tough, we're months pandemic, we've still got tough times ahead us. everybody struggling. affecting us different ways affecting us."" ",@thesnp,1,liberal
"ns: ""so position so, maybe think whether reach somebody today later week. feeling down, remember website lots information, call nhs24 well."" ",@thesnp,1,liberal
"ns: ""one things pointing often, people feeling struggling things, often small gesture - phoning somebody sending card - make big difference."" ",@thesnp,1,liberal
"ns: ""there help support see national mental health campaign today designated day time talk day."" ",@thesnp,1,liberal
"ns: ""and know one shared across country demand adults bit patience weeks come. please, adults, remember tough time too."" ",@thesnp,1,liberal
"ns: ""when get stage, suspect points next weeks, please remember priority government - wellbeing education children."" ",@thesnp,1,liberal
"ns: ""the reason can't need keep flexibility get children back school."" ",@thesnp,1,liberal
"ns: ""there may points weeks come adults asking open pubs restaurants, open places we, adults, enjoy going. may period i'm saying can't yet."" ",@thesnp,1,liberal
"ns: ""it's are, continue prioritise, return school - albeit phased careful return school ahead easing lockdown ways."" ",@thesnp,1,liberal
"ns: ""the wellbeing children priority. know priority parents, grandparents, aunties uncles who'll watching this. priority scottish government."" ",@thesnp,1,liberal
"ns: ""and clear head site also help find lots possible sources support."" ",@thesnp,1,liberal
"ns: ""in addition, young scot campaign aye feel useful information. websites also provide good advice, including support children's mental health."" ",@thesnp,1,liberal
"ns: ""they're able adapted use school - start return young people school - learning home independent learning young people."" ",@thesnp,1,liberal
"ns: ""so, example, organisation place2be created range free resources. designed help children find creative ways share thoughts feelings."" ",@thesnp,1,liberal
"ns: ""so want highlight today resources place help children young people time, know lots children young people struggling right now, including struggling mental health."" ",@thesnp,1,liberal
"ns: ""they've schools closed, education disrupted, they've unable see, play with, interact friends normal."" ",@thesnp,1,liberal
"ns: ""the last months really difficult us think doubt children young people borne really big burden everything they've help us deal virus."" ",@thesnp,1,liberal
"ns: ""now, second final point want highlight relates mental health. week children's mental health week. takes place early february every year, year it's, course, significant ever."" ",@thesnp,1,liberal
"ns: ""and even qualify strategic framework fund, website help find details programmes might eligible for."" ",@thesnp,1,liberal
"ns: ""you find details eligibility apply website."" ",@thesnp,1,liberal
"ns: ""but eligible support framework fund, yet applied, please so, otherwise risk missing out."" ",@thesnp,1,liberal
"ns: ""now, let clear. business already applied strategic framework fund, need reapply. currently receiving monthly payments, get top-up grants automatically."" ",@thesnp,1,liberal
"ns: ""the reason i'm highlighting support today that, businesses mainland, slightly longer timescales apply special islands funding, businesses mainland deadline applying top-up grants tomorrow."" ",@thesnp,1,liberal
"ns: ""this top-up worth ¬£25,000 larger hospitality businesses, ¬£9,000 larger leisure retail premises."" ",@thesnp,1,liberal
"ns: ""in december, brought tighter restrictions force, announced top-up funding businesses, addition monthly grants receiving."" ",@thesnp,1,liberal
"ns: ""in relation businesses, many know, scottish government set strategic framework businesses fund help many hospitality, leisure, retail businesses forced close."" ",@thesnp,1,liberal
"ns: ""but know really hard everyone, two issues want briefly highlight today relate support businesses support advice available help individuals families."" ",@thesnp,1,liberal
"ns: ""they necessary, think seeing data, working. said earlier week keep place least end month necessary."" ",@thesnp,1,liberal
"ns: ""as vaccinate people, remains vital - said earlier - that, moment, stick lockdown restrictions."" ",@thesnp,1,liberal
"ns: ""way beyond see flu vaccine programme. testament willingness enthusiasm people come forward, vaccinated safety, also part collective effort need beat virus."" ",@thesnp,1,liberal
"ns: ""the uptake we're seeing - hope continues get younger population groups - way beyond anything would ever believed would possible."" ",@thesnp,1,liberal
"ns: ""but also want thank you, public, groups already prioritised vaccine, coming forward numbers far."" ",@thesnp,1,liberal
"ns: ""and want today take opportunity thank everyone working really hard across country achieve this."" ",@thesnp,1,liberal
"ns: ""it focused protecting vulnerable first, that's important, working quickly supplies allow everyone else."" ",@thesnp,1,liberal
"ns: ""indeed, many over-65s also receiving vaccine. short, vaccination programme scotland going well."" ",@thesnp,1,liberal
"ns: ""we track meet target set over-70s adults classed clinically extremely vulnerable mid-february."" ",@thesnp,1,liberal
"ns: ""the overall number i've reported also includes 38% 75-to-79 year olds living community. they've also received first dose, see number rise rapidly days come."" ",@thesnp,1,liberal
"ns: ""if look week far, we've vaccinated 55% people period last week. gives sense acceleration seeing pace programme overall."" ",@thesnp,1,liberal
"ns: ""that daily total 45,000 highest daily total we've recorded far. fact, third day record high daily total. today's 52% higher day last week."" ",@thesnp,1,liberal
"ns: ""as 8:30 today tell total 694,347 people received first dose vaccine. increase 45,085 number reported yesterday."" ",@thesnp,1,liberal
"ns: ""however, i'm pleased report that, achieved high uptake two vulnerable groups, also seeing pace programme overall pick significantly, always said would."" ",@thesnp,1,liberal
"ns: ""that's subject criticism. fair enough people that. trying protect maximum number lives. think important."" ",@thesnp,1,liberal
"ns: ""however, heard say well, targeting maximum uptakes vulnerable groups take time. meant overall numbers vaccinated scotland slightly lower far."" ",@thesnp,1,liberal
"ns: ""again, importance protecting high number older people, vulnerable virus, can't overstated."" ",@thesnp,1,liberal
"ns: ""the work done refine total number people over-80s community group population actually suggests percentage reality higher 90%."" ",@thesnp,1,liberal
"ns: ""i also report that, morning, least 90% aged living community vaccinated."" ",@thesnp,1,liberal
"ns: ""these quite extraordinary uptake numbers, hugely important given toll virus taken older people care homes."" ",@thesnp,1,liberal
"ns: ""let clear, figures people offered vaccination. people actually vaccinated."" ",@thesnp,1,liberal
"ns: ""as reported already, vaccinated, first dose, 98% older residents care homes, 89% staff working older people's care homes also first dose vaccine."" ",@thesnp,1,liberal
"ns: ""i want turn latest data vaccination. suppress virus, lane race we've spoken about, vaccine programme."" ",@thesnp,1,liberal
"ns: ""..if start drop guard prematurely."" ",@thesnp,1,liberal
"ns: ""that really vital. us leading positive progress, infectiousness virus, especially new strain dealing past number weeks, means progress could easily reversed..."" ",@thesnp,1,liberal
"ns: ""however, positive progress, really important stress that, maintain progress suppressing virus, essential us continue follow stay home except essential purposes rule."" ",@thesnp,1,liberal
"ns: ""later today we'll publishing latest estimate r number. i'm pleased say r number remains 1, evidence progress we're making."" ",@thesnp,1,liberal
"ns: ""..and today want send condolences thoughts everybody grieving, particularly recently bereaved, everybody lost loved one course pandemic."" ",@thesnp,1,liberal
"ns: ""we therefore remember even although might starting see positive signs statistics, many families across country still losing loved ones..."" ",@thesnp,1,liberal
"ns: ""as start see case numbers numbers hospitalised patients needing intensive care decline, obviously takes longer numbers people dying start decline well."" ",@thesnp,1,liberal
"new positive tests scotland - 4.9% test positivity rate, nicola sturgeon describes ""small ray sunshi‚Ä¶ ",@thesnp,1,liberal
fm says #coronavirus test positivity 5% first time month see upda‚Ä¶ ,@thesnp,1,liberal
"ns: ""however, sorry report additional deaths registered past hours patients who've tested positive previous days, total number deaths measurement 6,322."" ",@thesnp,1,liberal
"ns: ""again, that's positive news - although working frontline health service continue very, severe pressure."" ",@thesnp,1,liberal
"ns: ""1,812 people currently hospital fewer yesterday, people intensive care fewer yesterday. again, starting see numbers hospital intensive care stabilise start decline - albeit gradually."" ",@thesnp,1,liberal
"ns: ""of today's new cases, greater glasgow &amp; clyde, lanarkshire, lothian. remaining cases across nine health board areas."" ",@thesnp,1,liberal
"ns: ""and undoubtedly small ray sunshine."" ",@thesnp,1,liberal
"ns: ""today first time we've month. overstate it, i'm going stress point, nevertheless, given grim things recently, allow reflect little bit rays sunshine appear."" ",@thesnp,1,liberal
"ns: ""as heard say many, many times before, never read much single day's figures, obviously, said, day test positivity 5%, particularly given phase pandemic we're right now, welcome."" ",@thesnp,1,liberal
"ns: ""but firstly, let run latest statistics usual. number positive cases reported yesterday 1,149. represents 4.9% total number tests means overall number confirmed cases 183,418."" ",@thesnp,1,liberal
"first minister ""good afternoon, everyone. thanks joining us. see, i'm joined today chief nursing officer assist questions shortly."" ",@thesnp,1,liberal
watch live: first minister nicola sturgeon holds press conference #coronavirus (#covid„Éº19). joining first minister‚Ä¶ ,@thesnp,1,liberal
/3 ,@thesnp,1,liberal
/2 ,@thesnp,1,liberal
"central truth scotland smart enough, big enough better placed many countries succeed in‚Ä¶ ",@thesnp,1,liberal
"vastly changed way work, many workers working remotely. head towards recovery, it‚Äôs vital learn lessons past allow tories use brexit way scrap hard earned workers‚Äô rights. ",@thesnp,1,liberal
"lse paper, patrick dunleavy (also lse) questions colleagues‚Äô assumptions 15-30% costs, suggesting 5% m‚Ä¶ ",@thesnp,1,liberal
"year's election important scotland's history. may, make #bothvotessnp put scotland's future firmly scotland's hands. show support adding frame profile clicking link below: ",@thesnp,1,liberal
"""the liberal democrats believe country‚Äôs future better past. ""the new space industry perfect opportunity put vision practice."" ",@libdems,1,liberal
family farmers vital role play going forward. need recover natural environment tackle climate emergency. let reckless conservative government. find ,@libdems,1,liberal
one truly safe covid-19 are. i've written govt &amp; calling fo‚Ä¶ ,@libdems,1,liberal
catch - calls government clarify plans vaccinate unpaid carers ,@libdems,1,liberal
"""the pandemic caused critical delays diagnosing cancers, leaves people risk suffering worst effects disease."" #worldcancerday government must take urgent action address cancer backlog ",@libdems,1,liberal
spring conference agenda launched. check key debates events ,@libdems,1,liberal
rishi sunak complete denial million people who've repeatedly #excluded support. proud put my‚Ä¶ ,@libdems,1,liberal
people fallen cracks government‚Äôs worker support schemes. chancellor needs stop denying‚Ä¶ ,@libdems,1,liberal
"today asked govt engage serious debate uk plans reach net-zero. response, leader the‚Ä¶ ",@libdems,1,liberal
great news! agenda (auditorium sessions) spring conference available view: direc‚Ä¶ ,@libdems,1,liberal
unpaid carers elderly disabled people included priority group vaccination. need government com‚Ä¶ ,@libdems,1,liberal
"""people looking loved ones covid remarkable job, difficult circumstances. deserve much support."" ",@libdems,1,liberal
"#worldcancerday remember lost cancer, still fighting disease.‚Ä¶ ",@libdems,1,liberal
"liberal democrats calling government support carers properly. #standupforcarers starts raising carer‚Äôs allowance ¬£1,000 year immediately, line uplift universal credit. ",@libdems,1,liberal
"#worldcancerday two really important messages share: 1. worrying symptoms, please hes‚Ä¶ ",@libdems,1,liberal
"#worldcancerday thinking people, across community, fought cancer. covid-19 ch‚Ä¶ ",@libdems,1,liberal
possibly show real climate leadership world stage allowing coal mine built own‚Ä¶ ,@libdems,1,liberal
early diagnosis essential improving outcomes less survivable cancers. #worldcancerday i‚Äôm backing ,@libdems,1,liberal
"people looking loved ones covid remarkable job, difficult circumstances. deserve mu‚Ä¶ ",@libdems,1,liberal
still terrible gaps coronavirus support. around million people still excluded government help difficult time. deserve better. back campaign stand ,@libdems,1,liberal
proud #clapforcaptaintom evening. shining light hope dark time country. ,@libdems,1,liberal
"today took govt task failing creative industries, particularly touring musicians, #eu‚Ä¶ ",@libdems,1,liberal
i'm part judicial review govt's failure disclose details covid-19-related contracts. ¬£4bn of‚Ä¶ ,@libdems,1,liberal
"millions unpaid carers faced serious financial hardship pandemic, government‚Äôs plan extra 5p day frankly insult. #standupforcarers ",@libdems,1,liberal
message #childrensmentalhealthweek last year tough children &amp; young people's mental hea‚Ä¶ ,@libdems,1,liberal
"power centralised, public services local authorities underfunded, great piece work ",@libdems,1,liberal
"""action must taken now."" liberal democrat councillor calls government take urgent action cladding crisis. ",@libdems,1,liberal
"""many parents wrought anxiety choose health children going school.""-@laylamoran #politicslive government must urgently put together comprehensive plan schools - keeping children, teachers &amp; parents safe. ",@libdems,1,liberal
"good enough issue press release intentions, make happen. figures show progress increasing number black officers met &amp; continued failure recruit enough asian officers. ",@libdems,1,liberal
let's face it: carers overlooked power long. time change - i'm determ‚Ä¶ ,@libdems,1,liberal
"""the pandemic taking huge toll children young people's mental health."" - liberal democrats calling government act now. ",@libdems,1,liberal
captain sir tom moore's resilience determination inspired millions across britain world. symbol hope many terribly dark time - let us remember example rebuild country pandemic. ,@libdems,1,liberal
rip sir tom. sad news. ,@libdems,1,liberal
"rip captain tom. amazing, selfless individual who, time darkness despair, brought great hope joy m‚Ä¶ ",@libdems,1,liberal
"deeply saddened learn captain tom moore's passing. exceptional person, greatly contributed t‚Ä¶ ",@libdems,1,liberal
thoughts sir tom moore's loved ones. must learn captain tom's determination pull dark time &amp; let perseverance continue inspire us rebuild country. thank captain tom. ,@libdems,1,liberal
heart-breaking news. captain sir tom moore shining light hope people country around world du‚Ä¶ ,@libdems,1,liberal
"children needed mental health support accessed services last year. prevent figures getting worse, government must act put young people top priority list. #childrensmentalhealthweek ",@libdems,1,liberal
ignoring sage advice. acting little late. government consistently incompetent. sage warned mu‚Ä¶ ,@libdems,1,liberal
delighted invited opening cumbria's first mass vaccination site westmorland shopping centre kendal‚Ä¶ ,@libdems,1,liberal
lib dem foreign affairs spokesperson responds events unfolding ,@libdems,1,liberal
"concerns growing low uptake covid-19 vaccine among black, asian ethnic minority communities.‚Ä¶ ",@libdems,1,liberal
today marks beginning lgbt+ history month. month time learn celebrate lives &amp; histories lgbt+ community. also reminder continue fighting equality justice lgbt+ people. #lgbthm21 ,@libdems,1,liberal
"peace breaks eu/uk vaccine spat, need start planning distribution #vaccine developing world red‚Ä¶ ",@libdems,1,liberal
today marks start lgbt+ history time celebrate lives experiences the‚Ä¶ ,@libdems,1,liberal
"terrible pandemic, carers important ever. yet carers still often forgotten ignored power. back campaign #standupforcarers - starting raising carer's allowance ¬£1,000 year ",@libdems,1,liberal
weekend invited visit vaccination hub grange-over-sands see firsthand amazing hard work loc‚Ä¶ ,@libdems,1,liberal
johnson‚Äôs terrible trade deal really hurting britain‚Äôs economy make recovery covid much difficult.‚Ä¶ ,@libdems,1,liberal
"myanmar‚Äôs military must step back brink, release political leaders end state emergency. democracy and‚Ä¶ ",@libdems,1,liberal
"thoughts prayers captain sir tom family tonight, shining light difficult tim‚Ä¶ ",@libdems,1,liberal
concerned long-term damage children young people extended school closures. govt must ur‚Ä¶ ,@libdems,1,liberal
boris johnson promised inquiry government's coronavirus response last year. he's ducking questions inquiry. enough delay. must learn lessons response disease save lives future. ,@libdems,1,liberal
"incredibly difficult time country. get dark time. do, liberal democrats fight ensure future fairer, greener, caring british people. ",@libdems,1,liberal
"sure catch welsh minister education, questions tonight 8pm ",@libdems,1,liberal
"must learn lessons government's response covid save lives future. means launching independent inquiry. boris johnson committed inquiry last year, he's going back word. british people deserve better. ",@libdems,1,liberal
i‚Äôm helping local refugee charity - they‚Äôve left limbo even government‚Äôs officials sa‚Ä¶ ,@libdems,1,liberal
uk must implement sanctions individuals tied human rights abuses russia. roman abramovich alisher usm‚Ä¶ ,@libdems,1,liberal
must tackle disinformation around vaccines keep us safe recover terrible virus soon possible. last night spotlighted excellent work councillor community build trust vaccination rollout ,@libdems,1,liberal
"nancy jirira first vaccine dose yesterday. encouraging others black, asian‚Ä¶ ",@libdems,1,liberal
one feel left behind coronavirus - means government must finally take action provide support million #excludeduk. back campaign ,@libdems,1,liberal
student whose university studies impacted coronavirus we'd love hear experiences ,@libdems,1,liberal
update end week we've seen huge numbers people getting jab. million peop‚Ä¶ ,@conservatives,-2,conservative
ùêéùêïùêÑùêë ùêåùêàùêãùêãùêàùêéùêç people received first covid vaccine. we're track deliver target offering the‚Ä¶ ,@conservatives,-2,conservative
"thanks national effort, r number fallen 1. still lots work defeat virus, bu‚Ä¶ ",@conservatives,-2,conservative
today announced ¬£125 million provide support domestic abuse victims children. helping ensure vic‚Ä¶ ,@conservatives,-2,conservative
happy chinese new year! want wish everyone celebrating uk around world happiness good fortune in‚Ä¶ ,@conservatives,-2,conservative
"today‚Äôs first dose figures 13,509,108! target protect vulnerable 1-4 cohorts look th‚Ä¶ ",@conservatives,-2,conservative
13.5 million people first dose still eligible people taken jab. y‚Ä¶ ,@conservatives,-2,conservative
"delighted pension schemes bill received royal assent cracks cruel pension scammers, introduces di‚Ä¶ ",@conservatives,-2,conservative
"watch fifth live virtual #planforjobs panel now. today support available help people find new jobs,‚Ä¶ ",@conservatives,-2,conservative
"launched: health care white paper sets measures bring health care services closer together, improve care tackle health inequalities. ",@conservatives,-2,conservative
"¬£23bn trade investment britain india already underpins... 500,000 jobs other‚Äôs eco‚Ä¶ ",@conservatives,-2,conservative
"mark #internationaldayofwomenandgirlsinscience, pm special envoy girls‚Äô education ",@conservatives,-2,conservative
today set parliament white paper health &amp; care build back better &amp; support innovation &amp; ingenu‚Ä¶ ,@conservatives,-2,conservative
"million people received first vaccine dose, eligible people across country haven‚Ä¶ ",@conservatives,-2,conservative
ùóöùó≤ùòÅ ùòÅùóµùó≤ ùòÉùóÆùó∞ùó∞ùó∂ùóªùó≤. safe. it'll protect you. it'll protect family. absolutely wonderful seeing people many d‚Ä¶ ,@conservatives,-2,conservative
great see recommend oxford vaccine given - week interval &amp; used help‚Ä¶ ,@conservatives,-2,conservative
brilliant nhs england advert! thank ,@conservatives,-2,conservative
"yesterday, 411,812 vaccines administered across uk, meaning million people received first‚Ä¶ ",@conservatives,-2,conservative
watch live: #coronavirus press conference (10 february 2021) speakers: prime minister sir patri‚Ä¶ ,@conservatives,-2,conservative
"13,058,298! getting there. weather remains challenging, team determined focussed protecting vul‚Ä¶ ",@conservatives,-2,conservative
".@borisjohnson people sitting labour's frontbench called pandemic ""good crisis"" ""gift tha‚Ä¶ ",@conservatives,-2,conservative
"averaging 2.5 million doses week. yesterday, 352,480 people got first dose we're track to‚Ä¶ ",@conservatives,-2,conservative
want thank carers they've done throughout pandemic protect loved ones. would truly lost wit‚Ä¶ ,@conservatives,-2,conservative
1.4 million businesses accessed bounce back loans greater flexibility time repay loans terms. #payasyougrow ,@conservatives,-2,conservative
"12,200,000 people vaccinated &amp; we're adding every day. way pandemic. ",@conservatives,-2,conservative
"‚Äúit incumbent members house government right serve‚Äù ‚Äúdecades now, futur‚Ä¶ ",@conservatives,-2,conservative
"delivering manifesto commitment, ensuring wherever armed forces families uk, treated respect deserve ",@conservatives,-2,conservative
"almost 12.3 million people first vaccine dose, superb effort everyone involved. old‚Ä¶ ",@conservatives,-2,conservative
fantastic we‚Äôve vaccinated 12.2 million people. that‚Äôs almost adults across uk a‚Ä¶ ,@conservatives,-2,conservative
nearly one four adults uk received coronavirus vaccine. ,@conservatives,-2,conservative
watch live: #coronavirus press conference (8 february 2021) speakers: secretary dr ni‚Ä¶ ,@conservatives,-2,conservative
today we've announced extra ¬£35.5 million tackle serious violence prevent young people drawn it. ,@conservatives,-2,conservative
"prime minister derby today. visited diagnostics, manufacture milli‚Ä¶ ",@conservatives,-2,conservative
"12,294,006 million! it‚Äôs monday it‚Äôs tough hrs weather. want thank incredible teams‚Ä¶ ",@conservatives,-2,conservative
"labour trying score political points every turn pandemic. they‚Äôre playing politics covid, sniping‚Ä¶ ",@conservatives,-2,conservative
"apprenticeships unlock opportunities, we're expanding people chance get life-changing traini‚Ä¶ ",@conservatives,-2,conservative
one shadow minister previously said pandemic ‚Äògood crisis‚Äô labour troubling comments anoth‚Ä¶ ,@conservatives,-2,conservative
"labour trying score political points every turn pandemic. they‚Äôre playing politics covid, sniping sidelines. conservatives getting job. ",@conservatives,-2,conservative
"yesterday 549,000 people got first vaccine dose, means million people across uk bee‚Ä¶ ",@conservatives,-2,conservative
remarkable national effort - updates #marr vaccines rollout - 'yesterday o'clock w‚Ä¶ ,@conservatives,-2,conservative
"today, we‚Äôre expanding offer workplace testing businesses employees. urge business‚Ä¶ ",@conservatives,-2,conservative
"vaccines minister nadhim zahawi reveals one point saturday, nhs administering jabs rate almos‚Ä¶ ",@conservatives,-2,conservative
nearly half million people across uk received first dose vaccine. thank everyon‚Ä¶ ,@conservatives,-2,conservative
"committed reaching corners uk protect lives vaccinate vulnerable. 5,000 armed forces personnel supporting covid-19 tasks uk abroad, including vaccine rollout, nhs support community testing across uk. ",@conservatives,-2,conservative
"monday, priti patel said home office would 'consult everybody' regarding future penally camp. instead,‚Ä¶ ",@ukip,-2,conservative
"hi stewart, whilst ukip encourages debate topics (including vaccine) official position one anti covid vaccine. applaud govt's approach vaccinate many people possible end lockdowns crippled country. ",@ukip,-2,conservative
tories committed temporary amnesty 1.3 million illegal migrants receive covid vaccine. prime minis‚Ä¶ ,@ukip,-2,conservative
"british farmers punished among responsible, ethical ecologically sound world disastrous meat cheese tax regime writes ",@ukip,-2,conservative
*livestream event* tune 19:30 today! lt-gen jonathon riley discuss issues related to‚Ä¶ ,@ukip,-2,conservative
ukip's lt-gen jonathon riley 19:30 tomorrow discussing defence veteran's issues. make sure tune in! voice wales' channel: ,@ukip,-2,conservative
"tories committed temporary amnesty 1.3 million illegal migrants receive covid vaccine. prime minister already agreed labour's position full, permanent amnesty illegal migrants uk. first step? ",@ukip,-2,conservative
breastfeeding = 'chestfeeding' mother = 'birthing parent' father = 'second biological parent' ukip opposes gender confusion‚Ä¶ ,@ukip,-2,conservative
"concerted effort devalue nation, culture achievements. let far-left win - take pride flag nation says ukip's ",@ukip,-2,conservative
ukip county councillor paul dowson dares talk elephant room: immigration. ukip wales has‚Ä¶ ,@ukip,-2,conservative
"join us tonight host dr discussing citizenship, vote wasting 15k yo‚Ä¶ ",@ukip,-2,conservative
said covid transmissible person person condemned trump attempting close border china stop spread? ,@ukip,-2,conservative
welsh labour starve nhs wasting taxpayers' money virtue-signalling audit statues politically-correct non‚Ä¶ ,@ukip,-2,conservative
‚Äò@ukip leader neil hamilton told mailonline: 'wales' labour government starves nhs wasting taxpayers' money a‚Ä¶ ,@ukip,-2,conservative
increasing licence fee millions people struggling financially due lockdowns disgraceful. vote ukip #defundthebbc ,@ukip,-2,conservative
met office warned parts england could see flooding homes interruption power supplies. ukip recognises farmers vital prevention flooding - work unpaid environment agency doing. ,@ukip,-2,conservative
4Ô∏è‚É£-point plan save british fishing tory sell-out. ,@ukip,-2,conservative
fishermen like tim sold yet tories. let hook - vote #ukip may's welsh #sene‚Ä¶ ,@ukip,-2,conservative
"despite number 10‚Äôs attempts spin ‚Äúgood news story‚Äù, reality tory fisheries ‚Äòdeal‚Äô sink britis‚Ä¶ ",@ukip,-2,conservative
"lockdown basic rights freedoms restricted, peoples' position effectively condoned government. people first place. ",@ukip,-2,conservative
lt-gen jonathon riley - veteran mental health via covering important topic o‚Ä¶ ,@ukip,-2,conservative
".@j_donaldson_mp ""the conditions already uk act, prime minister says do. sooner uk government this, sooner get solutions need"" ",@duponline,-2,conservative
"dup's , whose relative died teebane: ""a decision taken hold memorial year, peopl‚Ä¶ ",@duponline,-2,conservative
.@nigeldoddsdup welcomes armed forces bill &amp; encourages government go further: ,@duponline,-2,conservative
"mervyn storey speaking last night. ""a police officer entitled protection law anyone else."" ",@duponline,-2,conservative
.@jimshannonmp says pandemic highlighted gaps frontline service provision asks health secretary ensure nothing able prevent basic cancer treatment taking place future. ,@duponline,-2,conservative
".@paulgirvanmp raises parliament significant costs unnecessary requirements facing pet owners travelling gb ni, result protocol, asks government measures taken rectify situation. ",@duponline,-2,conservative
"ian paisley mp tells cabinet minister ""the protocol causing societal economic damage union"" urges take action. ",@duponline,-2,conservative
"financial support bed breakfast, guest house guest accommodation support scheme ranges ¬£1,000 ¬£12‚Ä¶ ",@duponline,-2,conservative
met ministers across uk discuss economic priorities. reopening economy safely &amp; protocol high the‚Ä¶ ,@duponline,-2,conservative
üÖªüÖ∏üÜÖüÖ¥ &amp; comment create debate #peston joining &amp; tonight ,@duponline,-2,conservative
gregory campbell mp presses prime minister protocol issues resolved people northern ireland enjoy free trade across nation. ,@duponline,-2,conservative
need increase police officers-not current draft budget would see decrease no. of‚Ä¶ ,@duponline,-2,conservative
father used tell us children atrocity. awful brutality achieved nothing broken homes hearts.‚Ä¶ ,@duponline,-2,conservative
innovation key economic recovery ,@duponline,-2,conservative
".@carlalockhart raises health secretary concerns northern ireland entry uk could continue dublin, putting people additional risk new variants covid-19. ",@duponline,-2,conservative
arlene foster - ‚Äúgood news innocent victims‚Äù via | ,@duponline,-2,conservative
"""other families marking atrocities abide regulations. let's facts &amp; context happened friday continue support rule law northern ireland."" mervyn storey speaking last night, ",@duponline,-2,conservative
".@economy_ni minister announces ¬£500,000 innovative apprenticeship projects ",@duponline,-2,conservative
".@grobinsondup highlighted northern ireland's ""role contribution"" uk's armed forces, gave support armed forces bill, treat northern ireland exactly parts united kingdom, full implementation covenant. ",@duponline,-2,conservative
"arlene foster ‚Äì ‚Äúdecisions based law &amp; politics"" via | ",@duponline,-2,conservative
.@carlalockhart seeks clarity uk government support northern ireland fleets given relation eu ban uk shellfish exports. ,@duponline,-2,conservative
"confirmation education minister bring paper executive public appointments. ""it's incument upon us listen voice john radley - act well."" ",@duponline,-2,conservative
"lord hay tells parliament finds ""deeply regrettable"" government yet release findings shawcross report uk victims qadhafi-sponsored ira terrorism, ""every effort must made government support victims"". ",@duponline,-2,conservative
"prime minister must assert british parliamentary sovereignty move protect people northern ireland,‚Ä¶ ",@duponline,-2,conservative
please sign rt. petition: trigger article 16. want unfettered gb-ni trade. ,@duponline,-2,conservative
police allowed police! dup members board want consistent approach. ,@duponline,-2,conservative
"dup member policing board. mervyn storey mla, says 'trial social media' ormeau road a‚Ä¶ ",@duponline,-2,conservative
last week boris johnson promised would announce support leaseholders affected cladding scandal. yet w‚Ä¶ ,@uklabour,2,liberal
today got confirmation uk worst economic crisis major economy. chancellor: don‚Äôt wait th‚Ä¶ ,@uklabour,2,liberal
year pandemic. days since sa variant first discovered uk. still government failing secure borders covid-19. ,@uklabour,2,liberal
"figures confirm uk worst death toll europe, we've experiencing worst economic crisis major economy. government need come forward plan secure economy months ahead. ",@uklabour,2,liberal
today‚Äôs gdp figures confirm we‚Äôre experiencing worst economic crisis major economy. britain can‚Äôt wait unti‚Ä¶ ,@uklabour,2,liberal
"would like wish everyone celebrating united kingdom across world happy, safe peaceful lunar new‚Ä¶ ",@uklabour,2,liberal
"everyone celebrating lunar new year abroad, we‚Äôre wishing happy healthy new year! #yearoftheox ",@uklabour,2,liberal
failure secure borders jeopardising fight covid. we're calling international arrivals q‚Ä¶ ,@uklabour,2,liberal
visited heathrow ahead government's inadequate border regulations coming force. failure secure bord‚Ä¶ ,@uklabour,2,liberal
"trade unions founded labour party years ago achieve together alone. coronavirus crisis over, can‚Äôt go back business usual. find joining trade union help make happen ",@uklabour,2,liberal
publish details got contracts vip fast lane? ,@uklabour,2,liberal
"today tories announce another nhs reorganisation time midst pandemic. 224,000 people patients w‚Ä¶ ",@uklabour,2,liberal
half term starts monday. time running government right thing. ,@uklabour,2,liberal
cannot believe back situation again. time running government must right thing tod‚Ä¶ ,@uklabour,2,liberal
"workers got country crisis - deserve new deal emerge it. ""recover and‚Ä¶ ",@uklabour,2,liberal
delighted working trade unions develop labour‚Äôs agenda workplace rights set shared visi‚Ä¶ ,@uklabour,2,liberal
"government denial structural racism, urgent action needed address it. sign ",@uklabour,2,liberal
"must everything possible allow british people's extraordinary sacrifices, progress made va‚Ä¶ ",@uklabour,2,liberal
it‚Äôs days since south african variant discovered. still don‚Äôt tough enough restrictions border‚Ä¶ ,@uklabour,2,liberal
"prime minister failing british businesses, failing secure borders. right - busines‚Ä¶ ",@uklabour,2,liberal
.@keir_starmer exposes prime minister‚Äôs failure put place effective protective measures #covid bo‚Ä¶ ,@uklabour,2,liberal
"delay, dithering bluster pm borders #covid19 + absolutely right call out. yet‚Ä¶ ",@uklabour,2,liberal
prime minister refused extend evictions ban. even answer question. families facing ev‚Ä¶ ,@uklabour,2,liberal
businesses need support now. people worried jobs need support now. can't wait budget next mont‚Ä¶ ,@uklabour,2,liberal
excellent questions much-needed urgent business support. business faces ¬£50bn bombshell april can‚Äôt w‚Ä¶ ,@uklabour,2,liberal
"asked business rates relief extension, boris johnson refused say yes. shouldn‚Äôt‚Ä¶ ",@uklabour,2,liberal
"""we can't sell, can't mortgage, can't anything."" unacceptable three half years grenfell, people still living unsafe unsellable homes. ",@uklabour,2,liberal
"u.k. government quarantine measures little, late. need comprehensive hotel quarantine system, everyt‚Ä¶ ",@uklabour,2,liberal
time government‚Äôs blatant cronyism end. ,@uklabour,2,liberal
it‚Äôs #heartunions week ever wondered they‚Äôre important? find help rebuild country ,@uklabour,2,liberal
"we've announced events lgbt+ history month, covering wide range topics rights work, inclusive fa‚Ä¶ ",@uklabour,2,liberal
"lowest pay, highest death rates &amp; less vaccines. common thread: structural racism. govt failing p‚Ä¶ ",@uklabour,2,liberal
secure borders protect nhs save lives. ,@uklabour,2,liberal
businesses need smarter furlough scheme extension businesses rates holiday. government needs think end support april. ,@uklabour,2,liberal
today met high street business owners shop managers basildon worked hard stay afloat. need to‚Ä¶ ,@uklabour,2,liberal
would do? ,@uklabour,2,liberal
"years tory cuts public services, labour rebuild them. ",@uklabour,2,liberal
labour‚Äôs plan clean conservative cronyism. ,@uklabour,2,liberal
"ppe testing kits, government outsourced almost billion pounds‚Äô worth contracts firms connected tory party. need cut cronyism waste comes outsourcing. ",@uklabour,2,liberal
"applauded key workers, weren‚Äôt clapping serco, children didn‚Äôt bang pots pans management consultants. need bring services back in-house. ",@uklabour,2,liberal
decades outsourcing austerity tory government weakened public services. labour government w‚Ä¶ ,@uklabour,2,liberal
we're live speech tackling contract cronyism. tune ,@uklabour,2,liberal
amount money tories handed friends donors public contracts pandemic doubled since first wave. need crack contract cronyism. ,@uklabour,2,liberal
"last year, ¬£2bn taxpayers‚Äô money spent products services provided firms financial or‚Ä¶ ",@uklabour,2,liberal
"last year, trade unions stood protect workers across country. join trade union today: ",@uklabour,2,liberal
tory government cheques balances. labour government clean crony contracts trans‚Ä¶ ,@uklabour,2,liberal
tory cronyism got stop. ,@uklabour,2,liberal
coalition people built country different future. cannot go back business usual.‚Ä¶ ,@uklabour,2,liberal
got stop. ,@uklabour,2,liberal
"instead voting fix scandal, boris johnson told mps abstain. could end scandal right he‚Ä¶ ",@uklabour,2,liberal
getting britain vaccinated national mission. thanks team valneva working hard produce vaccines get britain back track. ,@uklabour,2,liberal
i‚Äôve sent form vote mail important election scotland's history. voting mail is‚Ä¶ ,@thesnp,2,liberal
"friday latest figures revealed scotland leads uk delivering low zero emission heating homes. 2030, 41% scottish homes made 'green', compared 21% wales 2.7% england. here's we'll reach net zero 2045. ",@thesnp,2,liberal
"thursday scottish fishermen's federation attacked boris johnson's brexit deal, saying: ‚Äúwe feel badly let (...) government made repeated commitments promises industry, met."" read here. ",@thesnp,2,liberal
thursday new poll 21st row show consistent majority support scottish independence. polls conducted since january lead. get involved help secure scotland's right choose: ,@thesnp,2,liberal
"wednesday voted take scotland forward ambitious land reform journey - establishing land ownership register 2022. land reform secretary called ""significant milestone towards making land ownership scotland transparent"". ",@thesnp,2,liberal
"wednesday scotland reached vaccination milestone, one million vulnerable received jag. we've also set new record high daily vaccinations - we're track meet exceed targets. ",@thesnp,2,liberal
"wednesday new report highlighted 1.3 million children forced poverty decade brutal tory austerity. called boris johnson take action, snp urged months - tories simply care. ",@thesnp,2,liberal
"tuesday introduced scotland's managed quarantine policy, starting february, prevent importation covid stop spread. read here: ",@thesnp,2,liberal
"monday contrary michael gove's empty promises, reports revealed tory brexit caused 68% drop exports eu. road haulage association said ""deeply frustrating annoying ministers chosen listen industry experts"". ",@thesnp,2,liberal
"icymi: here‚Äôs brief roundup week's news, developments announcements. scroll thread. ",@thesnp,2,liberal
apply postal vote ‚Äî scottish national party ,@thesnp,2,liberal
teams delivering scotland‚Äôs covid vaccination programme fantastic work. thanks them. ,@thesnp,2,liberal
somehow lost aw badges restock arsenal #bothvotessnp ,@thesnp,2,liberal
,@thesnp,2,liberal
hi head able download print the‚Ä¶ ,@thesnp,2,liberal
"majority people across scotland, like #bbcqt audience members, know tories can't deny democra‚Ä¶ ",@thesnp,2,liberal
"jf: ""so please, stay home, protect nhs, save lives. thank everyone that."" ",@thesnp,2,liberal
"jf: ""that continues best way protecting ourselves, loved ones communities - keep virus control vaccination programme work."" ",@thesnp,2,liberal
"jf: ""..and self-isolate, book test, symptoms. else, please stay home much possible."" ",@thesnp,2,liberal
"jf: ""on occasion leave house, please remember facts. wear face coverings essential shopping out, avoid anywhere busy, clean hands surfaces, use two-metre distancing talking someone another household..."" ",@thesnp,2,liberal
"jf: ""and please download protect scotland app possible."" ",@thesnp,2,liberal
"jf: ""you work home possibly employers legal duty support people work home."" ",@thesnp,2,liberal
"jf: ""those include caring responsibilities, essential shopping, exercise. meet someone outdoors meet one person one household."" ",@thesnp,2,liberal
"jf: ""the important rule moment clear. stay home. level area, course, includes mainland scotland, must leave house essential purposes."" ",@thesnp,2,liberal
"jf: ""those main issues wanted cover today. close, wanted remind everyone current rules guidelines."" ",@thesnp,2,liberal
"jf: ""as said start, know difficult restrictions regret much necessary. necessary, please stick time being."" ",@thesnp,2,liberal
"jf: ""we hugely appreciate contribution making ensure events fitting also safe possible. finally, want thank everyone follows guidance attending funerals."" ",@thesnp,2,liberal
"jf: ""and know want that. information rules funerals available scottish government website. now, want thank people work arrange funerals funeral services."" ",@thesnp,2,liberal
"jf: ""and check person organising ways pay respects. please, simply turn up. places organisers terrible position, also increases risk virus spread result event."" ",@thesnp,2,liberal
"jf: ""if like go funeral service cannot go person limit please respect fact. maybe find possible see service means livestreaming."" ",@thesnp,2,liberal
"jf: ""so please, arranging funeral, think restrictions sending invitations telling people event social media."" ",@thesnp,2,liberal
"jf: ""we're currently receiving reports funeral services people attendance, want remind people limit still place that, unfortunately, really good reason."" ",@thesnp,2,liberal
"jf: ""unfortunately, risk even greater comes funerals where, inevitably understandably emotional event, people likely want hug hold other, simply close proximity other."" ",@thesnp,2,liberal
"jf: ""but restrictions vital, gathering creates risk virus transmitted."" ",@thesnp,2,liberal
"jf: ""those restrictions among difficult we've put place, know cause distress people already grieving."" ",@thesnp,2,liberal
"jf: ""my final point want cover today concerns funerals. restrictions we've placed funeral attendance mean maximum people go funeral service."" ",@thesnp,2,liberal
"jf: ""we need ensure people studying dentistry enter profession confident, fully-qualified clinicians - we're providing extra support order give means encouragement need complete studies."" ",@thesnp,2,liberal
"jf: ""today's decision really tough one. underestimate one minute. giving dental students experience denied year pandemic."" ",@thesnp,2,liberal
"jf: ""your dental school able provide information bursaries well help available."" ",@thesnp,2,liberal
"jf: ""that's confirm provide extra bursaries dental students required repeat year. bursaries worth equivalent student loan award, could ¬£6,750."" ",@thesnp,2,liberal
"jf: ""one inevitably create significant challenges you. scottish government is, course, determined support challenges much can."" ",@thesnp,2,liberal
"jf: ""today's decision one us wanted take, understand incredibly disappointing dental students across country. hard work, fault own, deal difficult setback."" ",@thesnp,2,liberal
"jf: ""they advise that, past year, students able gain sufficient clinical experience restrictions dental procedures."" ",@thesnp,2,liberal
"jf: ""instead, final year students dental year students year groups repeat academic year. difficult decision made recommendation scotland's dental schools."" ",@thesnp,2,liberal
"jf: ""my second update announcement made today regarding dental students. morning, students final year dentistry learned able graduate summer."" ",@thesnp,2,liberal
"jf: ""..and, importantly, everyone turning receive first dose."" ",@thesnp,2,liberal
"jf: ""so want take opportunity thank everyone made possible. includes everyone helping deliver vaccination programme - vaccination teams, support staff, local authority voluntary partners, armed forces..."" ",@thesnp,2,liberal
"jf: ""as soon supply improves, programme scale again, shown can, remain target meet targets."" ",@thesnp,2,liberal
"jf: ""..a temporary reduction supply pfizer need ensure people receive second doses time means need reduce number appointments schedule next weeks."" ",@thesnp,2,liberal
"jf: ""the uptake we've seen far remarkable welcome. first minister indicated yesterday, combination circumstances, remarkably high uptake..."" ",@thesnp,2,liberal
"jf: ""and continue plan everyone age received first dose may. however emphasise subject supply."" ",@thesnp,2,liberal
"jf: ""after that, subject supply, intend give first doses vaccine 69-year-olds end february, beginning march."" ",@thesnp,2,liberal
"jf: ""so remain course give first doses 79-year-olds, serious clinical vulnerability, 15th february."" ",@thesnp,2,liberal
"jf: ""a technical issue data gp system - one two systems feeds numbers report - delayed calculation. calculation website 2pm today."" ",@thesnp,2,liberal
"jf: ""i can't, point, give detailed percentages groups covered well vaccination teams doing, although clearly number 64,881, exceptionally well."" ",@thesnp,2,liberal
"jf: ""that increase 64,881 since yesterday, highest reported increase since vaccination programme commenced december."" ",@thesnp,2,liberal
"jf: ""the first progress vaccination programme. 8:30am, 1,113,628 people scotland received first dose vaccine."" ",@thesnp,2,liberal
"jf: ""i'm joined national clinical director jason leitch, help answer questions shortly. that, three issues want focus on."" ",@thesnp,2,liberal
hear upset encouraging voters vote safely #sp21 applying postal vote.‚Ä¶ ,@thesnp,2,liberal
"jf: ""so want send condolences who've lost loved one."" ",@thesnp,2,liberal
"jf: ""that means total number deaths daily measurement 6,666. course, always, behind numbers families loved ones friends grieving. every life lost pandemic source grief heartbreak many."" ",@thesnp,2,liberal
"jf: ""and i'm sorry report additional deaths registered last hours patient first tested positive previous days."" ",@thesnp,2,liberal
"jf: ""115 people intensive care tested positive covid admitted hospital covid within last days yesterday. people intensive care covid longer days, yesterday."" ",@thesnp,2,liberal
"jf: ""the remaining cases spread across health board areas. 1,472 people currently hospital - less yesterday."" ",@thesnp,2,liberal
"jf: ""that represents 5.2% total numbers tests takes total number confirmed cases scotland 190,005. new cases greater glasgow &amp; clyde, lanarkshire, ayrshire &amp; arran, lothian."" ",@thesnp,2,liberal
"health secretary ""good afternoon thanks joining us again. start usual update today's statistics. total number positive cases reported yesterday 830."" ",@thesnp,2,liberal
watch live: health secretary jeane freeman holds press conference #coronavirus (#covid„Éº19). joining health secreta‚Ä¶ ,@thesnp,2,liberal
"""the fishing communities north east lied tories said that's exactly feel. today, major food drink exporters said brexit disaster."" #bbcqt ",@thesnp,2,liberal
well said fundamental principle democratic question stake people scotland t‚Ä¶ ,@thesnp,2,liberal
"note unelected tory lord forsyth labour's ian murray: scotland wealth, talent resources thrive independent country - like denmark, ireland belgium. here's facts. #bbcqt ",@thesnp,2,liberal
tackles tory myth ‚Äúonce generation‚Äù head on. #bbcqt ,@thesnp,2,liberal
"""the basic fact this: people scotland right choose whether want referendum, want choose independence. one, absolutely one deny democratic right people scotland."" #bbcqt ",@thesnp,2,liberal
baby box introduced snp government gives every child equal start life. ,@thesnp,2,liberal
thank ,@thesnp,2,liberal
none. ,@thesnp,2,liberal
"takes lord forsyth: ""unless get health crisis sorted, economy go tracks anyway - people get seriously ill, die, nhs get overwhelmed. people understand that."" #bbcqt ",@thesnp,2,liberal
"scotland, virtually tied wales, currently running fastest vaccination programme whole europe. ht‚Ä¶ ",@thesnp,2,liberal
watch live tonight's #bbcqt panel north east scotland. tune now: ,@thesnp,2,liberal
"honored selected candidate partick east kelvindale, huge thanks members w‚Ä¶ ",@thesnp,2,liberal
window posters look amazing. already got mine up! #bothvotessnp ,@thesnp,2,liberal
#teamsnp - let‚Äôs get #activesnp ,@thesnp,2,liberal
"make sure vote counts may, safest way register ",@thesnp,2,liberal
great ideas i‚Äôve got mine ,@thesnp,2,liberal
"eve scottish parliament election days away. throughout day countdown #sp21, wi‚Ä¶ ",@thesnp,2,liberal
support culture events difficult times ¬£9m support artistic freelancers ¬£8.5m more‚Ä¶ ,@thesnp,2,liberal
it‚Äôs #internationaldayofwomeninscience scotland lucky many prominent female scientists many whom‚Ä¶ ,@thesnp,2,liberal
thanks msps spoke debate tonight potential galloway national park. happy brough‚Ä¶ ,@thesnp,2,liberal
"crisis, crisis?! ",@thesnp,2,liberal
"i'm making #bothvotessnp #sp21, add twibbon avatar show support. ",@thesnp,2,liberal
here's initial ways help #sp21 campaign safely. ,@thesnp,2,liberal
"things need know voting year, #bsl ",@thesnp,2,liberal
"‚Äúit seems straightforward, instrumental terms ideological terms scotland much better o‚Ä¶ ",@thesnp,2,liberal
"even decade westminster cuts, we‚Äôve got job building fairer society delivering best public services anywhere uk. may 6, let's keep scotland path progress. here's achieved together. ",@thesnp,2,liberal
#sp21 election like other. here‚Äôs initial ways campaign safely: register vote apply for‚Ä¶ ,@thesnp,2,liberal
new scotland poll: 21st opinion poll row shows majority support scottish independence snp backed 54% we‚Ä¶ ,@thesnp,2,liberal
"ns: ""so please stay home, protect nhs, continue help us save lives."" ",@thesnp,2,liberal
"ns: ""above else, please, now, continue stay home much possible. know working. see numbers stick vaccination programme continues work."" ",@thesnp,2,liberal
"ns: ""on occasion go out, remember facts. face coverings, avoid crowded places, clean hands surfaces, use two metres distancing, self-isolate get tested symptoms."" ",@thesnp,2,liberal
"ns: ""and employers, please remember legal duty support people work home. heard, please download protect scotland app done so."" ",@thesnp,2,liberal
"ns: ""outdoors, please meet one person one household, continue work home can."" ",@thesnp,2,liberal
"business rates holiday &amp; vat cut set end march furlough scheme ending april, many businesses w‚Ä¶ ",@libdems,2,liberal
"govt says it‚Äôs levelling uk, yet proposals cut funding london universities levels london down.‚Ä¶ ",@libdems,2,liberal
happening uyghurs xinjiang genocide. world must know grim truth happening western china. ,@libdems,2,liberal
"cost pandemic must put lowest earners, already suffered most. government must protect people, including extending furlough end allowing uplift universal credit continue. ",@libdems,2,liberal
"""this year welcome #yearoftheox - animal known strength, diligence hardworking nature. positive values aspire live lives by."" #chinesenewyear ",@libdems,2,liberal
"everyone celebrating, wish happiness good health 2021. xin nian kuai le! #chinesenewyear #yearoftheox h‚Ä¶ ",@libdems,2,liberal
happy #chinesenewyear everyone! may good luck prosperity follow everywhere. year ox - symbol of‚Ä¶ ,@libdems,2,liberal
"today #internationaldayofwomeninscience. physics uni, led teach it, led politics. now‚Ä¶ ",@libdems,2,liberal
"chinese government's bbc ban, response reporting uyghur genocide abuses, marks lates‚Ä¶ ",@libdems,2,liberal
costs boris johnson's botched trade deal eu mounting up. vital uk's recovery prime minister gets back around negotiating table secures good deal britain's financial services. ,@libdems,2,liberal
boris johnson serious climate action call cumbria county council scrap mine. ,@libdems,2,liberal
"‚Äúwe must ensure one left behind restrictions lifted, especially shielding alone almost year.‚Äù ",@libdems,2,liberal
"heart-breaking. ""the government must urgently far protect disabled people‚Äôs health, including making sure carers vaccinated quickly possible."" ",@libdems,2,liberal
"today opportunity govt make good promise reform social care. yet again, they've kicked i‚Ä¶ ",@libdems,2,liberal
"""with 25,000 care home deaths pandemic, take prime minister make good promise fix social care?"" - ",@libdems,2,liberal
must learn lessons government's response coronavirus. boris johnson ducking inquiry agreed last year. ,@libdems,2,liberal
horrified news 13-year-olds hussein ayoob mohammed rashid facing years prison bahrain after‚Ä¶ ,@libdems,2,liberal
"know year, two billion menstrual products flushed toilet uk alone? governmen‚Ä¶ ",@libdems,2,liberal
mixed messages govt #schapps bans #holidays whilst #hancock bucket &amp; spade #cornwall. #covid‚Ä¶ ,@libdems,2,liberal
"great news! directory (fringe, training, exhibition details) spring conference available view online here: ht‚Ä¶ ",@libdems,2,liberal
international day women girls science celebrate women working tirelessly solve the‚Ä¶ ,@libdems,2,liberal
history watching - britain must take stand uyghur genocide. ,@libdems,2,liberal
49% british exporters reporting difficulties adapting changes trade goods per uk-eu trade agreement.‚Ä¶ ,@libdems,2,liberal
government far slow take necessary measures international travel. ,@libdems,2,liberal
today called public inquiry investigating govt failed make quick &amp; decisive action. on‚Ä¶ ,@libdems,2,liberal
long covid crisis needs tackled head right now. means: research recognition w‚Ä¶ ,@libdems,2,liberal
"""if boris johnson serious climate action call cumbria county council scrap mine"" ",@libdems,2,liberal
"continuing delay promise public inquiry, prime minister repeating record throughout pandem‚Ä¶ ",@libdems,2,liberal
we've seen devastating impact covid variants coming country yet tories painfully slow act travel restrictions. government must clear implement new travel measures. #pmqs ,@libdems,2,liberal
many nhs care workers contracted coronavirus first wave still struggling long covid. good hear acknowledge terrible impact long covid asked - must see action support affected. #pmqs ,@libdems,2,liberal
government set compensation scheme nhs staff struggling long covid? asks lib dem mp layla moran bo‚Ä¶ ,@libdems,2,liberal
"people every right live uk wrongfully denied healthcare, made homeless, detained even deported. public confidence system shattered. stop. ",@libdems,2,liberal
world must turn blind eye genocide. must use every available tool pressure chinese government end genocide uyghurs. ,@libdems,2,liberal
government cannot keep running reality forever. genocide amendment broad cross party support wi‚Ä¶ ,@libdems,2,liberal
"today govt used outrageous procedural manoeuvres avoid straight vote genocide amendment avoid defeat,‚Ä¶ ",@libdems,2,liberal
"loss 125,000 people, must learn lessons government's response pandemic save lives future. means taking close look we've handled international travel difficult time, explains ",@libdems,2,liberal
"""after ten months broken test, trace, isolate system government must get grip isolation system support self-isolating, prevent infection."" - ",@libdems,2,liberal
"good test trace system possible important ever getting us crisis, govt failed‚Ä¶ ",@libdems,2,liberal
there's genocide happening western china. future generations ask stop horror - must take stand. ,@libdems,2,liberal
"windrush scandal end shameful ""hostile environment"" policy. country. ",@libdems,2,liberal
outrageous procedural manoeuvres government avoid straight vote genocide amendment. mps de‚Ä¶ ,@libdems,2,liberal
important: #nhs announced haven‚Äôt yet invited first #covid19 vaccine‚Ä¶ ,@libdems,2,liberal
opinion piece ‚Äúswitzerland‚Äôs referendum burqas insult women‚Äôs rights dignity‚Äù #muslimwo‚Ä¶ ,@libdems,2,liberal
liberal democrats determined #standupforcarers build caring society emerge pandemic. ,@libdems,2,liberal
"""the government must follow example biden administration &amp; stop arms sales saudi arabia use yemen."" - ",@libdems,2,liberal
"children‚Äôs mental health suffered past year, many feeling stressed &amp; isolated pandemic. govt‚Ä¶ ",@libdems,2,liberal
enough evidence clearly prove horrifying genocide taking place china. uighur people must protected immediately. uk govt must lead international community putting pressure chinese government. ,@libdems,2,liberal
incredibly worrying news #businesses struggling remain afloat following third lockdown. high levels bor‚Ä¶ ,@libdems,2,liberal
"loss 100,000 people, must learn lessons government's response pandemic save lives future. ",@libdems,2,liberal
liberal democrats saying ever since green homes grant announced last summer. need prope‚Ä¶ ,@libdems,2,liberal
"must far support wonderful carers. that's calling government support carers raising carer‚Äôs allowance ¬£1,000 year, now. show support. back ",@libdems,2,liberal
behind headline figure 68% drop exports hundreds businesses jobs support. governmen‚Ä¶ ,@libdems,2,liberal
"week parliament, called firmer controls borders prevent spread #covid19. without them, it‚Ä¶ ",@libdems,2,liberal
