must read op-ed â€œthe biden administrationâ€™s efforts hamstring domestic energy sector jobs supports self-defeating.â€ pennsylvanians taking notice. ,@gop,-2,conservative
"#blackhistorymonth, honor black republicans made impact party. watch seanâ€™s video explaining republican values closely align values. ",@gop,-2,conservative
biden admin proven stand american workers: energy sec. nominee granholm: â€œjobs might sacrificed.â€ john kerry: itâ€™s â€œwhat needs done.â€ transportation sec. buttigieg: need get â€œdifferent ones.â€ ,@gop,-2,conservative
#blackhistorymonth also celebrating black #gop history makers making impact today! ,@gop,-2,conservative
"workers across us already impacted pres. bidenâ€™s job-killing agenda. united association union plumbers &amp; pipefitters criticized pres. biden's decision statement: â€œsadly, biden administration put thousands union workers work.â€ ",@gop,-2,conservative
biden's presidency far: winners: - china - iran - russia - radical teachers unions - left-wing special interest groupâ€¦ ,@gop,-2,conservative
"pres. biden nominated michael regan lead environmental protection agency. confirmed, regan joining administration already killed thousands jobs &amp; cost economy millions. ",@gop,-2,conservative
today welcome american hero capitol one final time. join us praying officer sicknickâ€™s family ,@gop,-2,conservative
"put nancy pelosi chuck schumer back minority 2022. republicans stand together, confiâ€¦ ",@gop,-2,conservative
"rep. lays president biden's energy orders devastated american jobs &amp; families south louisiana. ""these really good jobs. careers people working, many cases second &amp; third generation, producing american energy."" ",@gop,-2,conservative
â€œ@joebidenâ€™s energy agenda already killing jobs destroy nearly million 2022. biden putting radâ€¦ ,@gop,-2,conservative
everyday americans negatively impacted president biden's energy orders. read ,@gop,-2,conservative
"#blackhistorymonth, honor black republicans made impact party. watch gail's video explaining republican values closely align values. ",@gop,-2,conservative
"republicans believe thereâ€™s dignity work, hand-ups &amp; handouts, importance family, &amp; power oâ€¦ ",@gop,-2,conservative
la prohibiciÃ³n de nuevos arrendamientos de petrÃ³leo gas en tierras federales acabarÃ­a con casi un millÃ³n de empleos antesâ€¦ ,@gop,-2,conservative
"pres. biden nominated thomas vilsack sec agriculture. vilsack obamaâ€™s sec ag, failed address â€œlong-standing complaints discrimination access usda loans."" also faced claims racism â€œmishandling issues involving black people.â€ ",@gop,-2,conservative
americans already buyerâ€™s remorse joe biden. pledged protect union jobs said pâ€¦ ,@gop,-2,conservative
itâ€™s becoming clearer biden administration real plan get workers forced jobâ€¦ ,@gop,-2,conservative
"#blackhistorymonth opportunity americans learn struggles, celebrate contributions, honâ€¦ ",@gop,-2,conservative
#blackhistorymonth2021 honor first black members united states congress. courageâ€¦ ,@gop,-2,conservative
"â€œblack history month opportunity americans learn struggles, celebrate contributions, honor legacies black americans enriched great nation.â€â€”@gopchairwoman ",@gop,-2,conservative
.@parisdennard explains republican party party peopleâ€”not politiciansâ€”&amp; provide sound policies truly work americans. ,@gop,-2,conservative
"ban new oil gas leasing federal lands would kill nearly million jobs 2022. pennsylvanians, texans, wisconsinites, many states depend oil &amp; gas industry deeply affected pres. bidenâ€™s radical policies. ",@gop,-2,conservative
us workers already impacted pres. bidenâ€™s job-killing energy agenda. hundreds wisconsin workers laid pres. biden canceled construction keystone xl. canceling pipeline eliminated 11k us jobs time millions americans need work. ,@gop,-2,conservative
"""there practical form virtual learning for...1/3 rural americans w/out access home broadband 1/4 children living opportunity zones w/out access computer w/ internet... advancing school choice policies priority."" ",@gop,-2,conservative
message biden administration ,@gop,-2,conservative
"â€œjoe biden: american families come lastâ€ vietnamese, korean, chinese #apa ",@gop,-2,conservative
"""fewer jobs, pay less, &amp; often across country serious jobs plan compensate livelihoods bidenâ€™s policies actively destroying... betrayal working men &amp; women who...â€œmiddle class joeâ€ pledged protect."" ",@gop,-2,conservative
republican policies create growth opportunity. democratsâ€™ big-government policies limit them. ,@gop,-2,conservative
sure join march life virtual event 12pm est! #whywemarch ,@gop,-2,conservative
laws meant protect. thank pro-life senators standing vulnerable among us anâ€¦ ,@gop,-2,conservative
"candidate biden said would raise taxes middle classâ€”but far, 3ï¸âƒ£ cabinet nominees refused rule tax hikes fund agenda. pres. biden plans spend trillions crush fossil fuel industryâ€”that surely come taxpayer pockets. ",@gop,-2,conservative
"joe biden ran one way, governing another. promised govern consensus behalf americanâ€¦ ",@gop,-2,conservative
"aoc compared law enforcement nazis running â€œconcentration camps,â€ ice facilities attacked. said shâ€¦ ",@gop,-2,conservative
"""i think republican party diverse...our base stronger. base bigger diverse americans walks life &amp; racial &amp; ethnic backgrounds coming partyâ€”agreeing w/ free enterprise system, agreeing w/ lower taxes.""â€”@parisdennard ",@gop,-2,conservative
.@potus biden cannot continue bowing teacher's unions. kids falling behind. senator introduced amendment democrats' budget would ensure america's schools *follow science* reopen safely. senate democrats blocked it. ,@senategop,-2,conservative
.@potus cannot continue bowing teacher's unions. kids falling behind. senator introduced amendment democrats' budget would ensure america's schools *follow science* reopen safely. senate democrats blocked it. ,@senategop,-2,conservative
democrats budget doesnâ€™t deal covid19 deaths nursing homes. republicans want answers. offered amendment hold governors like accountable underreporting covering covid19 deaths nursing homes. senate democrats blocked it. ,@senategop,-2,conservative
"targeted #covid19 relief bill addresses health care crisis, supports vaccine development distribution, getsâ€¦ ",@senategop,-2,conservative
introducing amendment today support students &amp; schools suffer oil &amp; gas leasing ban. theâ€¦ ,@senategop,-2,conservative
would shovel money schools still closed - need kids back school asap ,@senategop,-2,conservative
"iâ€™ve always said covid relief bills target need help most, giveaways already wellâ€¦ ",@senategop,-2,conservative
"order slow-walk school reopening, biden administration pushing aside expert judgments scientists, lâ€¦ ",@senategop,-2,conservative
time president biden live pledge unify nation. talk â€“ action. could startâ€¦ ,@senategop,-2,conservative
"today, senate vote budget amendments iâ€™m introducing to: hold states accountable underreportedâ€¦ ",@senategop,-2,conservative
legislation prevents schools receiving federal funds following science andâ€¦ ,@senategop,-2,conservative
"democrats going push covid relief partisan basis, include fix would proteâ€¦ ",@senategop,-2,conservative
iâ€™m eternal optimist believe come together truly deliver americans. need colleagues acâ€¦ ,@senategop,-2,conservative
pres. biden's scientists agree school appears quite safe get kids back. congress sent masâ€¦ ,@senategop,-2,conservative
"thereâ€™s reason keep kids school. itâ€™s time stop bickering, listen science, get bacâ€¦ ",@senategop,-2,conservative
"cdc officials say that, â€œthere little evidence schools contributed meaningfully increased communâ€¦ ",@senategop,-2,conservative
"today's hearing, pressed president bidenâ€™s nominee lead michael regan, commitment defâ€¦ ",@senategop,-2,conservative
"weeks, issued sweeping orders targeting energy producers &amp; jobs support. today ",@senategop,-2,conservative
president biden signed #executiveorders first days last last four presidents combined.â€¦ ,@senategop,-2,conservative
iâ€™m honored chosen serve following committees: work donâ€¦ ,@senategop,-2,conservative
"addition serving top republican senate energy committee congress, iâ€™ll also joining ",@senategop,-2,conservative
excited serve committees oversee issues important wyâ€¦ ,@senategop,-2,conservative
today paid respects officer brian sicknick â€“ always remember american hero keeâ€¦ ,@senategop,-2,conservative
today honored officer sicknick lost life protecting capitol defending democracy. heâ€¦ ,@senategop,-2,conservative
"today honor life, courage, sacrifice fallen united states officer brian sicknick. thankâ€¦ ",@senategop,-2,conservative
itâ€™s day biden administration far havenâ€™t seen much bipartisanship. itâ€™s time put doâ€¦ ,@senategop,-2,conservative
"thank you, officer sicknick. ",@senategop,-2,conservative
"weâ€™ve heard lot talk unity, white house staff congressional democrats working oppositeâ€¦ ",@senategop,-2,conservative
"dear, kids deserve school. science says schools open safely. please follow science. unions. ",@senategop,-2,conservative
"update: since paycheck protection program reopened last month, 4,666 maine small businesses approved forâ€¦ ",@senategop,-2,conservative
"republican senators slam dems school reopenings amid covid aid push, say unions 'displaced dr. fauci' ",@senategop,-2,conservative
"""perhaps heard, thousand times, biden administration listen science. ""well, science says schools safely reopen."" read ",@senategop,-2,conservative
"""blessed peacemakers, called children god.â€ morning chance pay respectsâ€¦ ",@senategop,-2,conservative
today questioned climate impact executive order ban new oâ€¦ ,@senategop,-2,conservative
"today honor life, courage, sacrifice fallen united states officer brian sicknick. thank defending us. thank defending capitol. thank defending democracy. never forgotten. ",@senategop,-2,conservative
today honor life officer brian sicknick. never forget last full measure devotion protect tâ€¦ ,@senategop,-2,conservative
.@capitolpolice officer brian sicknick lost life defending u.s. capitol protecting democracy january 6th.â€¦ ,@senategop,-2,conservative
let's get america's kids screens. let's get america's kids back classroom. let's get america's kids back friends. let's get america's kids excited school again. #kidsdeserveschool â†’ agree. ,@senategop,-2,conservative
february #blackhistorymonth - time us honor immeasurable contributions black americans made - câ€¦ ,@senategop,-2,conservative
brave men women u.s. capitol police risked life limb defending us january 6th. today honor officerâ€¦ ,@senategop,-2,conservative
"todayâ€™s hearing, spoke devastation artificially raising min. wage: destroyingâ€¦ ",@senategop,-2,conservative
.@senjohnbarrasso today's hearing: â€œundermining americaâ€™s energy security solve climate change. instead raisiâ€¦ ,@senategop,-2,conservative
stand biden admin tries crush wyomingâ€™s economy. &amp; admin declared war ameriâ€¦ ,@senategop,-2,conservative
.@leadermcconnell tribute u.s. capitol police officer brian d. sicknick lies honor ,@senategop,-2,conservative
"alongside friends us capitol police, paid respects officer brian sicknick lost life protecting tâ€¦ ",@senategop,-2,conservative
today honor selfless courage officer brian sicknick enshrine memory seat democracy gaveâ€¦ ,@senategop,-2,conservative
officer brian sicknick gave life protecting u.s. capitol lives us inside it. impâ€¦ ,@senategop,-2,conservative
tennessee senator discusses ongoing battle surrounding covid relief impact president biden'â€¦ ,@senategop,-2,conservative
.@senategop done part reopen schools incredible amounts funding &amp; support. thereâ€™s time excâ€¦ ,@senategop,-2,conservative
"""we still need help people get back work, help kids get back school, put virus behind us,""â€¦ ",@senategop,-2,conservative
#kidsdeserveschool ,@senategop,-2,conservative
".@senjohnbarrasso: ""it's time democrats decide -- going put kids first going continue toâ€¦ ",@senategop,-2,conservative
virtual school working. science says schools safely reopen. must follow science. kids deserve eâ€¦ ,@senategop,-2,conservative
"""we need work together."" - ",@senategop,-2,conservative
kids deserve school. time safely reopen. agree. ,@senategop,-2,conservative
stand energy workers provide affordable energy america. protect environment without punisâ€¦ ,@senategop,-2,conservative
children deserve school. science supports reopening. letâ€™s get americaâ€™s students back classroom. ,@senategop,-2,conservative
"time many students lack access quality education, advocating teacher unions student oâ€¦ ",@senategop,-2,conservative
"kids deserve school &amp; since #coronavirus started, getting kids back school top priority iâ€¦ ",@senategop,-2,conservative
live approx. 2pm est: senate gop leadership team take questions press. tune here! ,@senategop,-2,conservative
kids deserve school. time safely reopen. agree. ,@senategop,-2,conservative
"""we need work together."" - ",@senategop,-2,conservative
"good, productive meeting tonight white house president biden fellow republican colleagues. weâ€¦ ",@senategop,-2,conservative
productive meeting discuss #covid19 proposal. continue talking try finâ€¦ ,@senategop,-2,conservative
productive meeting tonight w/ discuss covid-19 relief proposal unveiled today. step rightâ€¦ ,@senategop,-2,conservative
biden teachersâ€™ unions flunk science class ,@senategop,-2,conservative
great work staff real costs distance learning. youngest children hurt thâ€¦ ,@senategop,-2,conservative
"despite experts saying in-person learning best students, scientific studies showing schools reopâ€¦ ",@senategop,-2,conservative
"republicans believe thereâ€™s dignity work, hand-ups &amp; handouts, importance family, &amp; power oâ€¦ ",@senategop,-2,conservative
"must read â†’ ""children need back school tomorrow"" #kidsdeserveschool ",@senategop,-2,conservative
virtual school working. science says schools safely reopen. must follow science. kids deserve education. kids deserve opportunity. kids deserve ğ™¨ğ™˜ğ™ğ™¤ğ™¤ğ™¡. ,@senategop,-2,conservative
"celebrate #blackhistorymonth countless contributions african american community, must also commiâ€¦ ",@senategop,-2,conservative
look forward meeting republican colleagues today discuss covid-19 relief proposal detaâ€¦ ,@senategop,-2,conservative
#blackhistorymonth time celebrate significant contributions black americans made great nation.â€¦ ,@senategop,-2,conservative
"enter #blackhistorymonth, honor remember remarkable contributions african american community oâ€¦ ",@senategop,-2,conservative
#biden's #climatechange orders take sledgehammer western state economies: barrasso ,@senategop,-2,conservative
today marks beginning #blackhistorymonth â€“ itâ€™s important remember contributions african-americans madeâ€¦ ,@senategop,-2,conservative
dems donâ€™t want know states seeing increased revenue &amp; growth. proposed covid spending bill aâ€¦ ,@senategop,-2,conservative
things senate focusing instead democratsâ€™ impeachment: -passing #covid relief -reopening economy -gâ€¦ ,@senategop,-2,conservative
#operationwarpspeed continues achieving unbelievable goals. bloomberg: -- 26.5 million people gotten vaâ€¦ ,@senategop,-2,conservative
february #blackhistorymonth many notable arkansans contributed profoundly legacy advanceâ€¦ ,@senategop,-2,conservative
"real people, hometown murdo, behind jobs gutted canceling keystone xl pipelâ€¦ ",@senategop,-2,conservative
"breaking: americans received least one dose covid-19 vaccine tested positive virus, eaâ€¦ ",@senategop,-2,conservative
kansans americans pay mistakes fiscal irresponsibility states. ,@senategop,-2,conservative
"year times left country feeling divided ever, itâ€™s hope come together thiâ€¦ ",@senategop,-2,conservative
"tonight, part group republican senators met president biden discuss details taâ€¦ ",@senategop,-2,conservative
#blackhistorymonth time recognize &amp; honor significant contributions black americans throughout ourâ€¦ ,@senategop,-2,conservative
wrapped productive meeting hope result another bipartisan #covid19 package. haveâ€¦ ,@senategop,-2,conservative
"december, poured $900Ê™ relief. congress passed six bills + allocated ~$4á´› relief last yearâ€“all bipartisan. democrats want cram another $1.9Ê™ without bipartisan support? letâ€™s work together deliver results. ",@senategop,-2,conservative
"new conference chairman ""president biden's climate change orders take sledgehammer economies western states...without putting dent climate change."" read: ",@senategop,-2,conservative
"year year, hoosiers remain united behind fundamental right - right life. ",@senategop,-2,conservative
"america incredible experiment human freedom, founded leaders understood basic right, râ€¦ ",@senategop,-2,conservative
"march life may look different year, #whywemarch remains same: every life valued, cherished,â€¦ ",@senategop,-2,conservative
"#marchforlife looks different year, passion life change. jeremiah 1:5 reminds us god hâ€¦ ",@senategop,-2,conservative
"march life may virtual year, spirit gathering still stands. stand united life, even thoughâ€¦ ",@senategop,-2,conservative
"although 48th annual primarily virtual, importance standing together protect unbâ€¦ ",@senategop,-2,conservative
"march life looks different year #whywemarch stays same: every life valued, cherished andâ€¦ ",@senategop,-2,conservative
"america one seven countries permits abortions five months, putting us company communist câ€¦ ",@senategop,-2,conservative
"march life may look different year #whywemarch remains same: believe every life valued, châ€¦ ",@senategop,-2,conservative
,@senategop,-2,conservative
".@senatedems voted common-sense policies get schools reopened. democrats want sell americaâ€™s students families cower union bosses, election disaster them. ",@nrsc,-2,conservative
"rather support common-sense accountability elected officials, forced stand cuomo &amp; disastrous nursing home policies. covered deaths new yorkers, &amp; senate dems back. ",@nrsc,-2,conservative
"radical-left total control white house, senate, house. canâ€™t wait get work gut second amendment, raise taxes, grant amnesty millions people country illegally. help stop this! ",@nrsc,-2,conservative
"asked point blank biden administration would prioritize students teachers unions, psaki refused answer. democrats cowering teachers unions fund campaigns. ",@nrsc,-2,conservative
".@senschumer forced senate partisan process want hide american people. democrat says: â€œdo anything watch vote-a-rama.â€ weâ€™ll watching, weâ€™ll make sure american people too. ",@nrsc,-2,conservative
agree ,@nrsc,-2,conservative
"whereâ€™s heâ€™s silent biden administration kills colorado jobs. bennet speak co sit back watch biden, harris senate dems put interests climate activists american workers? ",@nrsc,-2,conservative
"again, science contradicts excuses teachers unions, biden white house senate democrats. listen facts? ",@nrsc,-2,conservative
".@joebiden's comments reflect democrat partyâ€™s growing disdain law enforcement officials country. today, white house press secretary refused clarify statement, dismissing simple question white house reporter. ",@nrsc,-2,conservative
".@chuckschumer stuck far left &amp; farther left ny politics -- emmy-winning, daytime tv star (@andrewcuomo) &amp; socialist congresswoman (@aoc). heâ€™s pushing radical agenda &amp; leaving vulnerable members dry. ",@nrsc,-2,conservative
people donâ€™t want open schools teachers unions. agree neâ€¦ ,@nrsc,-2,conservative
even democrats admit canceling keystone pipeline mistake hurts thousands hard-working americans. listen reason continue led climate activists radical left? ,@nrsc,-2,conservative
science clear: reopening schools safe critical well-being children. â€œunions childrenâ€ new motto democratsâ€™ plan reopen schools. ,@nrsc,-2,conservative
".@maggie_hassan's quest second senate term already rocky start. new poll shows favorable rating well-below nh leaders, underwater among independents. itâ€™s clear hassan deep hole climb of. ",@nrsc,-2,conservative
"well said ""put students first open schools"" read op-ed ",@nrsc,-2,conservative
"thinly veiled threat sens. sinema manchin, getting act. starting completely partisan budget process, heâ€™s threatening get line, else. ",@nrsc,-2,conservative
even liberal chicago mayor calling teachers unions pushing back efforts re-open schools. thatâ€™s say senate dems like duckworth putting interests unions fund campaigns students. ,@nrsc,-2,conservative
conservatives attack social media platforms like never before. sign petition protect first amendment! ,@nrsc,-2,conservative
"publicly announced opposition ending filibuster, â€“ darling d.c. democrats â€“ dodges questions stance. unfortunately arizonans, dodge new senator. ",@nrsc,-2,conservative
"#groundhogday, itâ€™s clear seeing shadow everywhere goes. finally achieving lifelong dream becoming majority leader, heâ€™s spending time living fear ",@nrsc,-2,conservative
breaking: chuck schumer &amp; nancy pelosi unhinged! stand sign petition now: ,@nrsc,-2,conservative
excited announce new additions digital communications departments digital commuâ€¦ ,@nrsc,-2,conservative
teachers unions driving lockdowns hurt students going along it. theyâ€™re siding unions fund campaigns students families. ,@nrsc,-2,conservative
president reaganâ€™s birthday coming up! weâ€™re honoring legacy special edition shirt! first patriots donate get one. hurry - theyâ€™re gone! ,@nrsc,-2,conservative
fellow patriots: canâ€™t start election cycle behind! emergency 4x-match activated get us back track. help now: ,@nrsc,-2,conservative
"great piece â€œbiden's climate change orders take sledgehammer western state economies"" ",@nrsc,-2,conservative
"democrats gave bipartisanship chance â€“ days. &amp; ready start partisan process try jam liberal agenda senate democrat votes, putting vulnerable incumbents bind. ",@nrsc,-2,conservative
.@joebiden's advisors struggle defend massive job losses biden administration radical agenda causing working-class americans. theyâ€™re spending first weeks power killing american jobs appease far-left activists. ,@nrsc,-2,conservative
president bidenâ€™s first week office: ,@nrsc,-2,conservative
"itâ€™s ten days since radical gained full control washington. already, job-killing agenda full display, especially promise destroy u.s. energy jobs. watch new video ",@nrsc,-2,conservative
"far, (former florida congressman resident crazy person) democratsâ€™ front-runner florida senate primary. weâ€™re looking forward watching beclown yet another election cycle. ",@nrsc,-2,conservative
.@kamalaharris spent time media arizona pressure sen. sinema support $2 trillion spending bill including bailouts new york california. mention know heâ€™s already pocket. ,@nrsc,-2,conservative
.@joebiden sacrifice children teachers unions. theyâ€™re putting interests unions funding campaigns interests children families. ,@nrsc,-2,conservative
save senate vote republican next year. ,@nrsc,-2,conservative
even dr. fauci agrees itâ€™s time reopen schools. choosing stand scâ€¦ ,@nrsc,-2,conservative
"despite lies campaign trail, &amp; really want pack courts. another attempt take away americansâ€™ religious freedoms, 2nd amendment rights, &amp; fundamentally change america. ",@nrsc,-2,conservative
"today's hearing, secretary labor nominee gave examples he's previously responded impactâ€¦ ",@senatedems,2,liberal
"frontline workers continue bear brunt pandemic, knows protecting &amp; supporting themâ€¦ ",@senatedems,2,liberal
great catch friend discuss vision look forward working wâ€¦ ,@senatedems,2,liberal
fully remove arbitrary caps eidl loans grants small businesses. look forward collabâ€¦ ,@senatedems,2,liberal
".@michael_s_reganâ€˜s commitment addressing climate change, supporting america's farmers championing environmental jâ€¦ ",@senatedems,2,liberal
"state local governments hit hard pandemic â€“ without federal support, risk job lossâ€¦ ",@senatedems,2,liberal
"instead listening billionaire class, time senate listen needs working families, tâ€¦ ",@senatedems,2,liberal
"morning, met treasury secretary agree congress must take bold action get paâ€¦ ",@senatedems,2,liberal
many americans need help covid crisis! thatâ€™s laser-focused along saving livesâ€¦ ,@senatedems,2,liberal
"december, republicans blocked funding needed get every student america connected internet. they'reâ€¦ ",@senatedems,2,liberal
1/ time waste. democrats united behind #covid19 rescue plan. american people needâ€¦ ,@senatedems,2,liberal
"american rescue plan broad, bipartisan support across country. senate must quickly pass bold, comprâ€¦ ",@senatedems,2,liberal
"president bidenâ€™s american rescue plan calls ramping national sequence-based surveillance better identify, suâ€¦ ",@senatedems,2,liberal
"need go big, itâ€™s lateâ€”so beat virus, get help hardest-hit, put economy bâ€¦ ",@senatedems,2,liberal
"#blackhistorymonth, remember civil rights icon rosa parks birthday. rosa parks refused give seat white man bus 1955, sparking montgomery bus boycott. continue honor legacy boldly rejecting injustice every turn. ",@senatedems,2,liberal
â€œno veteran worry choosing accessing essential health care providing family global pandemic.â€ â€”va committee chairman explains covid package bring much-needed relief nationâ€™s heroes. ,@senatedems,2,liberal
can't think small face big problems. cannot repeat mistakes past. senate respond tâ€¦ ,@senatedems,2,liberal
"â€œnow time pat back, say â€˜we're done,â€™ throw towel. need go big need late - beat virus.â€ â€”@chrisvanhollen ",@senatedems,2,liberal
"â€œa key piece bill taking debating ensure americans opportunity safe, sanitary, decent, affordable housing.â€ â€”@chriscoons lays urgent need housing assistance part covid relief. ",@senatedems,2,liberal
"â€œif confirmed, youâ€™ll secretary labor understands, cares, loves loves work every single day.â€ â€”labor sec. nominee importance protecting worker health pandemic ",@senatedems,2,liberal
"â€œchildren 20% population, they're 100% future, right we're leaving behind millions them.â€ â€”@senmarkey explains itâ€™s crucial pass covid-relief funds close homework gap expand internet access millions children. ",@senatedems,2,liberal
watch: commerce committee chair explains covid relief package help essential workers support americaâ€™s transportation industry. ,@senatedems,2,liberal
"sen. nomination former union leader &amp; boston mayor lead â€œhe would bring long track record collaborative leader worked across coalitions labor groups business community"" ",@senatedems,2,liberal
â€œi trust marty look america's working men women strong record done exactly that.â€ â€”@senwarren nomination fellow bay stater lead ,@senatedems,2,liberal
â€œour goal simple: help american people american economy fast.â€ â€”@senschumer ,@senatedems,2,liberal
â€œthe largest investment indian country american history.â€ â€”@senbrianschatz presses immediate action pres. bidâ€¦ ,@senatedems,2,liberal
â€œwe're wealthiest country earth. bare minimum simply good enough.â€ â€”@sensherrodbrown needâ€¦ ,@senatedems,2,liberal
"""let us work together. let us crush terrible pandemic. let's get kids back school. let's reopen economy.â€¦ ",@senatedems,2,liberal
.@senstabenow makes clear: â€œitâ€™s time act. itâ€™s time end pandemic. moment need think bigâ€¦ ,@senatedems,2,liberal
"â€œdemocrats problem going record party fought people pandemic, yourâ€¦ ",@senatedems,2,liberal
â€œthe smartest thing act big.â€ â€”secretary thatâ€™s senate going do. weâ€™re working president biden vice president harris deliver help american people fast. ,@senatedems,2,liberal
"good meeting today president, urgent need bold bill covid relief economic sâ€¦ ",@senatedems,2,liberal
"senate democrats working president biden vice president harris deliver covid relief american people. once-in-a-century health economic crisis. act boldly, fast. ",@senatedems,2,liberal
"once-in-a-century health economic crisis. big, bold action called for. weâ€™re working presidentâ€¦ ",@senatedems,2,liberal
.@senstabenow makes clear: â€œitâ€™s time act. itâ€™s time end pandemic. moment need think big.â€ ,@senatedems,2,liberal
"""let us work together. let us crush terrible pandemic. let's get kids back school. let's reopen economy. let us create government works us few."" â€”@sensanders ",@senatedems,2,liberal
â€¢ money people's pockets â€¢ vaccinations people's arms â€¢ children back schools safely â€œpromises made must kept.â€ ,@senatedems,2,liberal
"â€œdemocrats problem going record party fought people pandemic, house flames, argue much fire put out.â€ â€”sen. ",@senatedems,2,liberal
sen. chris murphy minces words: â€œshame us use power granted us take virus deliver economic prosperity people robbed them.â€ ,@senatedems,2,liberal
"â€œthe american people, desperately calling lifeline, must deliver real one, soon possible.â€ â€”@senjackyrosen ",@senatedems,2,liberal
"â€œdemocrats problem going record party fought people pandemic, house flames, argue much fire put out.â€ â€”sen. ",@senatedems,2,liberal
need watch talk need environmental justice communities color ,@senatedems,2,liberal
.@sengarypeters lays supports budget president bidenâ€™s rescue plan: - unemployment benefits - $1400 stimulus checks - food assistance - small businesses - vaccine distribution - reopening schools - front-line workers ,@senatedems,2,liberal
"â€œthe previous administration's handling disease monumental, unforgivable failure leadership.â€ â€œthe $1.9 trillion package proposed president biden kind bold, comprehensive proposal we've needed since last spring.â€ â€”@senatorleahy ",@senatedems,2,liberal
â€œour response covid-19 must support protect vulnerable amongst us.â€ â€”@senatorlujan getting immediate aid native american communities ,@senatedems,2,liberal
â€œwe're wealthiest country earth. bare minimum simply good enough.â€ â€”@sensherrodbrown need covid relief meets needs american people ,@senatedems,2,liberal
"proud announce ann berry serve new secretary senate. sheâ€™s qualified, beâ€¦ ",@senatedems,2,liberal
â€œthis pandemic shown risk underinvesting public health native communities.â€ â€œwe make sure indian health service able prepare emergencies like one far better future.â€ â€”@sencortezmasto ,@senatedems,2,liberal
â€œthe largest investment indian country american history.â€ â€”@senbrianschatz presses immediate action pres. bidenâ€™s *bold* covid relief plan ,@senatedems,2,liberal
"â€œwe stake health environment, strength economy, well-being communities, legacy leave next generation form nation's natural resources.â€ â€”epa administrator nominee ",@senatedems,2,liberal
â€œ@michael_s_regan someone help unite us common purpose respond climate crisis face.â€ â€”incoming environment public works chairman ,@senatedems,2,liberal
cannot dawdle. cannot delay. cannot dilute. needs country health economic crisis greatâ€¦ ,@senatedems,2,liberal
secretary yellen warned country would mired covid crisis years congress fails dedicate necâ€¦ ,@senatedems,2,liberal
needs country health economic crisis great. stand president biden vice presideâ€¦ ,@senatedems,2,liberal
"continue grieve commemorate sacrifice capitol police officer brian sicknick. today, privilegeâ€¦ ",@senatedems,2,liberal
"honor officer brian sicknick: new jersey native, air national guard veteran, twelve-year member capitoâ€¦ ",@senatedems,2,liberal
"senate democrats work address climate crisis crisis concerns futures, tâ€¦ ",@senatedems,2,liberal
"make mistake: democratic majority compel senate forcefully, relentlessly, urgently address climâ€¦ ",@senatedems,2,liberal
biden administration preparing whole-of-government approach combating climate change. democratic majorityâ€¦ ,@senatedems,2,liberal
"direct aid families public health infrastructure vaccinations, testing, ppe distribution â€”@senatorbennet explains benefits covid relief package senate soon consider. ",@senatedems,2,liberal
â€œwe act promptly provide suffering nation covid relief.â€ â€”senator tim kaine explains time stingy covid relief american families small businesses. ,@senatedems,2,liberal
"â€œif fortunate enough confirmed, work tirelessly make sure education system door opportunity, great equalizer, every student.â€ â€”education secretary nominee dr. miguel cardona ",@senatedems,2,liberal
en camino para discutir el plan de rescate estadounidense con otros lÃ­deres demÃ³cratas. estoâ€¦ ,@senatedems,2,liberal
"â€œevery day delay, thousands americans die virus, businesses close, workers lose jobs, families get desperate.â€ â€”@senatordurbin explains time action covid health economic crisis now. ",@senatedems,2,liberal
american people spoke loudly. spoke clearly. intend deliver promises provide real help american families businesses struggling difficult times. â€”@senjeffmerkley lays itâ€™s time deliver bold covid relief. ,@senatedems,2,liberal
"celebrate #blackhistorymonth, remember honorable elijah cummings. rep. cummings fought soul america always remembered giant congress. legacy continues inspire us stand oppression racial inequality forms. ",@senatedems,2,liberal
.@pattymurray asked would support states &amp; school districts identifying addressing learâ€¦ ,@senatedems,2,liberal
â€œany senator heard parent wants get child back classroom safelyâ€”and sure everyone hasâ€”should vote advance confirm dr. cardona without hesitation.â€ â€”senator ,@senatedems,2,liberal
"pandemic profound impact students &amp; big job ahead us help support students, educatâ€¦ ",@senatedems,2,liberal
â€œour goal simple: help american people american economy fast.â€ â€”@senschumer ,@senatedems,2,liberal
"morning, paid respects officer brian sicknick capitol rotunda, lies honor. bravely deâ€¦ ",@senatedems,2,liberal
"honored morning pay respects u.s. capitol police officer brian sicknick, gave life workingâ€¦ ",@senatedems,2,liberal
"moved visit capitol rotunda morning, officer brian sicknick lies honor. heroism never fâ€¦ ",@senatedems,2,liberal
"officer brian sicknick remembered american hero. today, american people pay tribute life lâ€¦ ",@senatedems,2,liberal
officer brian sicknick made ultimate sacrifice protect capitol january 6. forever debt. ,@senatedems,2,liberal
privilege join officer brian sicknick's family friends south river weeks ago loweringâ€¦ ,@senatedems,2,liberal
officer brian sicknick gave life protecting democracy. american hero. prayers officer sicâ€¦ ,@senatedems,2,liberal
"morning, gave one final salute officer brian sicknick, american hero protected capitol, democraâ€¦ ",@senatedems,2,liberal
"thank service, officer sicknick. sacrifice debt cannot repaid. ",@senatedems,2,liberal
"paid respects fallen hero officer brian sicknick, died line duty defending u.s. capitolâ€¦ ",@senatedems,2,liberal
officer brian sicknick's heroism helped save lives defend temple democracy. paying tribute aâ€¦ ,@senatedems,2,liberal
voted confirm alejandro mayorkas next sec. today. look forward working addresâ€¦ ,@senatedems,2,liberal
"regarded one knowledgeable homeland security experts nation, he's also wâ€¦ ",@senatedems,2,liberal
secretary background experience make uniquely qualified face nationâ€™s security challenges.â€¦ ,@senatedems,2,liberal
paying tribute u.s. capitol officer brian sicknick lies honor. may memory live forever aâ€¦ ,@senatedems,2,liberal
country faces number urgent threats homeland security â€“ foreign domestic terrorism cybersecuâ€¦ ,@senatedems,2,liberal
attack capitol made extra clear much need fully-functioning homeland security department â€” andâ€¦ ,@senatedems,2,liberal
itâ€™s past time major changes dhs. todayâ€™s confirmation believe weâ€™re going begin sâ€¦ ,@senatedems,2,liberal
voted confirm secretary homeland security. look forward working mr. mayorkasâ€¦ ,@senatedems,2,liberal
"today, makes history first latino immigrant confirmed secretary department hoâ€¦ ",@senatedems,2,liberal
"ali mayorkasâ€™ diverse background experience make immensely qualified lead department homeland security,â€¦ ",@senatedems,2,liberal
"official. secretary pete now! congratulations new transportation secretary, histâ€¦ ",@senatedems,2,liberal
secretary pete ,@senatedems,2,liberal
"serving nation uniform leading local community, secretary answering caâ€¦ ",@senatedems,2,liberal
congratulations confirmed next transportation secretary! i'm excited work iâ€¦ ,@senatedems,2,liberal
"today, voted confirm friend secretary, nationâ€™s first senate-confirmed lgbtqia cabâ€¦ ",@senatedems,2,liberal
"former mayor myself, know trust secretary advocate infrastructure cities, townsâ€¦ ",@senatedems,2,liberal
.@petebuttigieg understands big infrastructure challenges are. enthusiastic taking challeâ€¦ ,@senatedems,2,liberal
"i'm grateful secretary appreciates intersection smart infrastructure policy, broad-basedâ€¦ ",@senatedems,2,liberal
congratulations confirmation secretary transportation. look forward working closelyâ€¦ ,@senatedems,2,liberal
"#blackhistorymonth gives us opportunity reflect past crafting plan future. celebrate great progress made country, acknowledge much done continued fight racial justice. ",@housedemocrats,2,liberal
wear mask life depends it. does. ,@housedemocrats,2,liberal
coronavirus pandemic democrat republican issue. american crisis. hope senate republicans stop obstruction join democrats acting behalf american people. must get done. get done. ,@housedemocrats,2,liberal
american people cannot wait longer #covid19 relief. democrats prepared meet moment means necessary. period. ,@housedemocrats,2,liberal
millions americans unemployed. food housing insecurity worsening. vulnerable communities bearing brunt pandemic. cost inaction high. time critical action now. ,@housedemocrats,2,liberal
officer brian sicknick hero - bravery sacrifice displayed never forgotten. thoughts prayâ€¦ ,@housedemocrats,2,liberal
essential workers run america - make america run. itâ€™s time thank deserve: paâ€¦ ,@housedemocrats,2,liberal
people made selection. yet donald trump incited violent mob remain office people. held accountable. ,@housedemocrats,2,liberal
weekly house democrats press conference 2.03.2021 | covid-19 relief &amp; american rescue plan ,@housedemocrats,2,liberal
weekly house democrats press conference 2.03.2021 | covid-19 relief &amp; american rescue plan ,@housedemocrats,2,liberal
"1926, carter g. woodson founded first black history week. years later, observe month-long celebration honoring contributions black americans made help build country. black history american history. happy #blackhistorymonth. ",@housedemocrats,2,liberal
legal immigration system must fair efficient. plan break barriers streamline process welcoming search american dream. ,@housedemocrats,2,liberal
cruelty chaos enhance border security. neither building wall plan investigate root causes people migrate create humane asylum system. ,@housedemocrats,2,liberal
"nuestro paÃ­s es mÃ¡s seguro, mÃ¡s fuerte, mÃ¡s prÃ³spero con un sistema de inmigraciÃ³n justo, seguro, con orden que le daâ€¦ ",@housedemocrats,2,liberal
children never ripped parentsâ€™ arms separated. stand promise #keepfâ€¦ ,@housedemocrats,2,liberal
cruel policies like family separation never existed. todayâ€™s executive order important step towardsâ€¦ ,@housedemocrats,2,liberal
"nation safer, stronger prosperous immigration system prioritizes humane immigration policies welcoming new americans keeping families together ",@housedemocrats,2,liberal
"""we're national emergency. time treated one."" - ",@housedemocrats,2,liberal
"â€œand lift gazes, stands us, stands us.â€ poem continues resonate among us all. words lift spirits inspire us move forwardâ€”together. ",@housedemocrats,2,liberal
dangerous â€œremain mexicoâ€ policy stain rule law nationâ€™s conscience. thank presideâ€¦ ,@housedemocrats,2,liberal
itâ€™s time (finally) take necessary steps towards defending integrity elections. ,@housedemocrats,2,liberal
honor attend first #inauguration member congress alongside friends colleagues ,@housedemocrats,2,liberal
"â€œ...the american story depends one us, us, us...â€ - ",@housedemocrats,2,liberal
"""we march back was, move shall be: country bruised whole."" house democrats reflecting upon inspirational words embark renewed journey fight #forthepeople. ",@housedemocrats,2,liberal
weâ€™re midst national emergency &amp; finally president acting like it. new plan addresseâ€¦ ,@housedemocrats,2,liberal
evidence clear. footage speaks itself. donald trump instigated attack capitolâ€”putting american lives democracy risk. hold accountable. ,@housedemocrats,2,liberal
"years republicans waged all-out assault affordable health care. failed. today, giving every american peace mind knowing access quality, affordable care. ",@housedemocrats,2,liberal
todayâ€™s vote-a-rama waste time â€” time spent passing package would send immediate relief american families small businesses. enough enough. republicans must stop petty attempts delay relief get work american people. ,@thedemocrats,2,liberal
"pandemic cost hundreds thousands american lives livelihoods. instead working democrats quickly pass covid-19 relief package americans need, republicans playing political games senate floor. ",@thedemocrats,2,liberal
â€œthe smartest thing act big.â€ â€”secretary thatâ€™s senate going do. weâ€™re worâ€¦ ,@thedemocrats,2,liberal
working families barely getting result economic crisis brought pandemic. thatâ€™s biden administration fighting give families emergency boost put food table pay bills. ,@thedemocrats,2,liberal
"today's edition ""yes, american rescue plan bipartisan bill."" ",@thedemocrats,2,liberal
covid-19 laid bare inequalities exist economy. can't afford simply return pre-pandemic conditions. need #buildbackbetter. biden administrationâ€™s economic recovery plan investing america advancing racial equity. ,@thedemocrats,2,liberal
"vaccines safe effective. they're indispensable fight virus, biden administration ramping vaccine production increasing number vaccination sites ensure everyone get vaccinated. ",@thedemocrats,2,liberal
"biden administration meeting crisis head-on aggressive plan contain pandemic. use every available resource make sure workers, businesses, schools tools, funding, guidance need withstand difficult time. ",@thedemocrats,2,liberal
american people need relief grapple catastrophic health economic impacts pandemic. laid comprehensive plan deliver relief people put crisis behind us. ,@thedemocrats,2,liberal
frontline workers risking lives keep communities functioning. make sure employers right provide compensation deserve. ,@thedemocrats,2,liberal
previous supply shortages inhibited ability contain virus. #covid19 response plan includes continued use defense production act produce pandemic supplies order safeguard health safety country workers. ,@thedemocrats,2,liberal
".@potusâ€™s covid response plan meets urgency moment, providing relief need path toward economic recovery. ",@thedemocrats,2,liberal
american rescue plan ambitious course action right economic devastation caused pandemic put us path toward economic recovery. ,@thedemocrats,2,liberal
"biden administrationâ€™s $1.9 trillion #covid19 aid package takes immediate action save country depths crisis investing america, advancing racial equity, building back better before. ",@thedemocrats,2,liberal
president biden believes scale response needs reflect severity crises weâ€™re facing nation. thâ€¦ ,@thedemocrats,2,liberal
cannot rescue economy without containing virus. thatâ€™s first step economic recovery plan launch whole-of-government pandemic response plan put $400 billion toward critical measures address #covid19. ,@thedemocrats,2,liberal
millions americans lost jobs. plan deliver emergency relief urgently need deserve. ,@thedemocrats,2,liberal
"today marks years since 15th amendment's ratification, first step needed enshrine black voting rights constitution. rededicate unfinished work civil rights movement commit protecting expanding voting rights. ",@thedemocrats,2,liberal
biden administration launching equitable national vaccination program. increasing number vaccination sites public health workers make sure vaccines available accessible every community. ,@thedemocrats,2,liberal
pandemic devastating impact long-term care facilities. covid-19 relief plan includes resources funding protect long-term care residents staff. ,@thedemocrats,2,liberal
".@potus scaling testing tracing ramping vaccinations nationwide. taking whole-of-government approach, wonâ€™t spare single expense put end pandemic. ",@thedemocrats,2,liberal
one make difficult decision going work keeping family healthy safe. american rescue plan allow workers refuse unsafe work qualify unemployment benefits. ,@thedemocrats,2,liberal
"american rescue plan get americans vaccinated, provide direct relief american people, revitalize economy help us #buildbackbetter. ",@thedemocrats,2,liberal
biden administrationâ€™s rescue plan wonâ€™t help us put end public health economic crisis â€” help us emerge stronger ever before. ,@thedemocrats,2,liberal
american rescue plan offers economic lifeline american families businesses. give relief desperately need persevere pandemic get back feet. ,@thedemocrats,2,liberal
"american rescue plan takes immediate action address hunger crisis. extends 15% snap benefits increase; invests $3 billion help women, infants children get food need; partners restaurants help get food families need it. ",@thedemocrats,2,liberal
"biden administrationâ€™s covid relief plan dedicates resources funds u.s. territories ensure residents access vaccines, well financial food assistance need weather crisis. ",@thedemocrats,2,liberal
"congresswoman makes impact every day serves #ga06. joyous smile unflagging devotion,â€¦ ",@thedemocrats,2,liberal
congratulations confirmation lead department homeland security. secretary mayorkas makes history first latino head agency. rebuild dhs lead empathy compassion. ,@thedemocrats,2,liberal
enhanced extended unemployment benefits provide emergency support families need put food table pay bills. ,@thedemocrats,2,liberal
.@petebuttigieg first openly lgbtq person confirmed cabinet position. leader america deserves head assist biden administration building back better stronger america. ,@thedemocrats,2,liberal
.@potus establish covid-19 protection standard protect workers unsafe working conditions retaliation. ,@thedemocrats,2,liberal
biden administrationâ€™s american rescue plan deliver $5 billion emergency assistance help secure housing people experiencing risk homelessness. ,@thedemocrats,2,liberal
"biden administration committed administering million vaccines first days. covid response package increase number vaccination sites, health care workers, vaccines, help deliver promise. ",@thedemocrats,2,liberal
child care crisis exacerbating economic crisis. calling congress take immediate actions address helping child care centers reopen safely making care affordable families need it. ,@thedemocrats,2,liberal
"emergency paid leave provides economic security working families, itâ€™s critical access benefit combat public health crisis. thatâ€™s biden administrationâ€™s plan address #covid19 extends emergency paid leave measures. ",@thedemocrats,2,liberal
.@potusâ€™s covid relief plan provides grants million hardest hit small businesses help get back feet #buildbackbetter. ,@thedemocrats,2,liberal
ğ–ğ¡ğšğ­â€™ğ¬ ğ¢ğ§ ğ­ğ¡ğ ğ€ğ¦ğğ«ğ¢ğœğšğ§ ğ‘ğğ¬ğœğ®ğ ğğ¥ğšğ§ ğ˜ˆ ğ˜¯ğ˜¢ğ˜µğ˜ªğ˜°ğ˜¯ğ˜¢ğ˜­ ğ˜·ğ˜¢ğ˜¤ğ˜¤ğ˜ªğ˜¯ğ˜¢ğ˜µğ˜ªğ˜°ğ˜¯ ğ˜±ğ˜³ğ˜°ğ˜¨ğ˜³ğ˜¢ğ˜® ğ˜™ğ˜¦ğ˜¯ğ˜µğ˜¢ğ˜­ ğ˜¢ğ˜´ğ˜´ğ˜ªğ˜´ğ˜µğ˜¢ğ˜¯ğ˜¤ğ˜¦ ğ˜šğ˜®ğ˜¢ğ˜­ğ˜­ ğ˜£ğ˜¶ğ˜´ğ˜ªğ˜¯ğ˜¦ğ˜´ğ˜´ ğ˜¨ğ˜³ğ˜¢ğ˜¯ğ˜µğ˜´ ğ˜™ğ˜¦ğ˜´ğ˜°ğ˜¶ğ˜³ğ˜¤ğ˜¦ğ˜´ ğ˜µğ˜° ğ˜´ğ˜¢ğ˜§ğ˜¦ğ˜­ğ˜º ğ˜³ğ˜¦ğ˜°ğ˜±ğ˜¦ğ˜¯ ğ˜´ğ˜¤ğ˜©ğ˜°ğ˜°ğ˜­ğ˜´ ,@thedemocrats,2,liberal
"black history month begins today, remember honor come before, work build brighter future aâ€¦ ",@thedemocrats,2,liberal
kids educators need resources get back classroom safely parents go back work. ,@thedemocrats,2,liberal
"today marks beginning #blackhistorymonth, come together celebrate black trailblazers heroesâ€¦ ",@thedemocrats,2,liberal
american rescue plan plan take decisive action #covid19 revitalize economy. congress must pass send americans relief need deserve. call senators urge pledge support: (202) 224-3121 ,@thedemocrats,2,liberal
black history month celebrate many achievements black people made throughout course histâ€¦ ,@thedemocrats,2,liberal
public health economic crises demand action urgency. biden administrationâ€™s covid relief package delivers immediate assistance american families small businesses. ,@thedemocrats,2,liberal
itâ€™s past time every worker earns livable wage. thatâ€™s calling congress increase federal minimum wage $15. ,@thedemocrats,2,liberal
"decreasing class sizes implementing regular testing, schools need funding implement covid precautions safely reopen ensure safety students staff. ",@thedemocrats,2,liberal
long-term care residents workers account almost 40% u.s. covid-19 deaths. biden administrationâ€™s covid response package includes funding states help protect vulnerable populations congregate settings. ,@thedemocrats,2,liberal
economy canâ€™t recover get control pandemic. need scale testing tracing mount national vaccination program. plan â€” american rescue plan help us put end crises. ,@thedemocrats,2,liberal
"happy #blackhistorymonth. celebrate outstanding contributions achievements made black americans, recognize thereâ€™s still work done achieve true equality. rededicate building future extends promise america all. ",@thedemocrats,2,liberal
"response recent cybersecurity breaches federal government data systems, launching ambitious effort modernize federal information technology protect us future cyber attacks. ",@thedemocrats,2,liberal
vaccines save lives. thatâ€™s biden-harris administration mounting national vaccine program ensure anyone america access vaccines free charge. ,@thedemocrats,2,liberal
biden administrationâ€™s covid relief package gives small businesses assistance need weather storm. ,@thedemocrats,2,liberal
canâ€™t afford inaction delays relief. americans struggling put food table right now. american rescue plan extend enhance unemployment benefits food assistance programs. ,@thedemocrats,2,liberal
"first responders essential workers risking lives keep communities functioning. allocating $350 billion emergency funding state, local, territorial governments help pay sacrifices diligence. ",@thedemocrats,2,liberal
american rescue plan provide schools resources need safely reopen get students back class. ,@thedemocrats,2,liberal
pandemic devastated economy. biden administrationâ€™s plan tackle pandemic provide relief help families stay afloat make investments help recover grow economy. ,@thedemocrats,2,liberal
"heard we're ready organize, organize, organize! ",@thedemocrats,2,liberal
".@potus build $600 payment provided congress last year, sending additional $1,400 households across america, totaling direct payments $2,000 per person. ",@thedemocrats,2,liberal
"fight global pandemic, itâ€™s never clearer need make easier people access afford health care. biden-harris administration opening special enrollment period. starting february 15, head get covered. ",@thedemocrats,2,liberal
.@potus working send immediate relief directly american people. beat pandemic #buildbackbetter. ,@thedemocrats,2,liberal
americans need help get crisis. thatâ€™s relief package takes bold action provide assistance families businesses need most. ,@thedemocrats,2,liberal
dnc chair discusses democrats hope accomplish plans ready party challenges. hâ€¦ ,@thedemocrats,2,liberal
public transit helped keep communities moving need relief ensure transit systems continue operating. pandemic relief package includes $20 billion relief hardest hit public transit agencies protect future public transit. ,@thedemocrats,2,liberal
"first week wh, covid team worked hard implementing plan set mass sites speed vaccine distrâ€¦ ",@thedemocrats,2,liberal
"american families canâ€™t afford wait longer relief. biden administrationâ€™s american rescue plan send immediate, direct relief households across america. call senators ask pledge support: (202) 224-3121 ",@thedemocrats,2,liberal
".@potusâ€™s covid-19 relief package includes $40 billion dedicated relief child care industry support providers close pandemic reopen pay bills, including wages caregivers. ",@thedemocrats,2,liberal
presidentâ€™s american rescue plan delivers bold action need combat public health economic crisis. ,@thedemocrats,2,liberal
"months, america didnâ€™t national strategy beat virus. immediately taking office, changed delivering ambitious, achievable plan. american rescue plan help us take control #covid19 put end it. ",@thedemocrats,2,liberal
"tribal communities suffered disproportionate burden covid infections, hospitalizations, deaths. plans invest $20 billion indian country give tribal governments resources need fight pandemic. ",@thedemocrats,2,liberal
biden-harris fighting make health care affordable accessible all. yesterdayâ€™s executive action open special enrollment period make sure people get covered pandemic first many steps come. ,@thedemocrats,2,liberal
"health care right. face public health crisis, itâ€™s critical ever working families easily access afford meaningful care. ",@thedemocrats,2,liberal
biden-harris administration opening special enrollment period americans get covered. special enrollment period begins february 15. make sure mark calendars encourage friends family sign ,@thedemocrats,2,liberal
housing food insecurity growing small businesses closing doors. plan deliver direct relief americans help us #buildbackbetter ever before. ,@thedemocrats,2,liberal
communities color bearing brunt jobs crisis. calling congress devote $1 trillion help working families recover. ,@thedemocrats,2,liberal
"canâ€™t rescue economy unless contain virus. thatâ€™s launching ambitious, achievable plan beat virus build bridge economic recovery. ",@thedemocrats,2,liberal
".@potusâ€™s economic rescue plan provide immediate, direct relief families small businesses need most. ",@thedemocrats,2,liberal
"face pandemic, itâ€™s even critical everyone access health care. thatâ€™s opening special enrollment period february may 15. spread word make sure get covered. ",@thedemocrats,2,liberal
american rescue plan deliver aid families communities need help us #buildbackbetter. call senator tell pledge support: (202) 224-3121 ,@thedemocrats,2,liberal
.@potusâ€™s covid relief package will: scale testing tracing mobilize public health jobs program protect vulnerable populations congregate settings identify address emerging strains invest treatments ,@thedemocrats,2,liberal
learn american rescue plan here: ,@thedemocrats,2,liberal
"american rescue plan also tackles child care crisis country facing expanding access child care, financial support child care providers, increasing tax credits help cover cost child care. ",@thedemocrats,2,liberal
"currently, million americans relying enhanced unemployment benefits pay bills. bill extend enhanced benefits provide millions hard-hit workers financial security peace mind need deserve. ",@thedemocrats,2,liberal
"bill build $600 payment provided congress last year. households across america receive additional $1,400, totaling direct payments $2,000 per person. ",@thedemocrats,2,liberal
"one critical planks relief package safely reopen schools soon possible. calling $130 billion funding safely reopen, operate and/or facilitate remote learning. ",@thedemocrats,2,liberal
"also provide american workers relief need order pay bills, put food table, live dignity security. ",@thedemocrats,2,liberal
"plan launch whole-of-government #covid19 response mitigate spread, including national vaccination program ensure everyone access vaccines free charge, well increased resources supplies dedicated covid response. ",@thedemocrats,2,liberal
american rescue plan president bidenâ€™s bold aggressive strategy tackle ongoing public health economic crises. read along learn entails help us #buildbackbetter: ,@thedemocrats,2,liberal
"families experiencing increasing food insecurity. last week, signed executive order extend enhance food assistance, heâ€™s working ensure enhanced assistance provided long public health crisis continues. ",@thedemocrats,2,liberal
